SecurityIssuerId,SecurityIssuerCode,SecurityIssuerDesc,IssuerCountryId,DomicileCountryId,OverrideRiskCountryId,RiskCountryId,CountryId,OverrideRiskCurrencyId,RiskCurrencyId,OverrideGICsSubIndustryId,GICSSubIndustryId,BbergCompanyId,ActiveYN,PrimarySecurityId,OverrideNotes,LastModifiedBy,LastModifiedOn,RiskApprovedBy,RiskApprovedOn,OpsApprovedOn,OpsApprovedBy,RestrictedYN,RestrictionChangedBy,RestrictionChangedOn,RestrictionChangeNotes,CompanyDescFull
2,AAP US,Advance Auto Parts Inc,236,236,NULL,236,236,NULL,32,NULL,25504050,368234,0,NULL,NULL,SecurityResove,2010-12-02 15:57:00.477,NULL,NULL,NULL,NULL,NULL,NULL,NULL,NULL,NULL
3,ADS US,Alliance Data Systems Corp,236,236,NULL,236,236,NULL,32,NULL,45102020,901998,0,NULL,NULL,SecurityResove,2010-12-02 16:41:08.757,NULL,NULL,NULL,NULL,NULL,NULL,NULL,NULL,NULL
4,ADSK US,Autodesk Inc,236,236,NULL,236,236,NULL,32,NULL,45103010,101697,0,5,NULL,SecSetup,2010-12-02 16:43:31.463,NULL,NULL,NULL,NULL,NULL,NULL,NULL,NULL,NULL
5,ADTN US,ADTRAN Inc,236,236,NULL,236,236,NULL,32,NULL,45201020,154473,0,6,NULL,SecSetup,2010-12-02 16:43:52.067,NULL,NULL,NULL,NULL,NULL,NULL,NULL,NULL,NULL
6,BBBB US,Blackboard Inc,236,236,NULL,236,236,NULL,32,NULL,45103010,971901,0,7,NULL,SecSetup,2010-12-02 16:43:52.983,NULL,NULL,NULL,NULL,NULL,NULL,NULL,NULL,NULL
7,BEAV US,BE Aerospace Inc,236,236,NULL,236,236,NULL,32,NULL,20101010,102381,0,8,NULL,SecSetup,2010-12-02 16:43:54.150,NULL,NULL,NULL,NULL,NULL,NULL,NULL,NULL,NULL
8,BID US,Sotheby's,236,236,NULL,236,236,NULL,32,NULL,25302020,101366,0,9,NULL,SecSetup,2010-12-02 16:43:55.283,NULL,NULL,NULL,NULL,NULL,NULL,NULL,NULL,NULL
9,BKE US,Buckle Inc/The,236,236,NULL,236,236,NULL,32,NULL,25504010,102456,0,10,NULL,SecSetup,2010-12-02 16:43:56.163,NULL,NULL,NULL,NULL,NULL,NULL,NULL,NULL,NULL
10,BRK/A US,Berkshire Hathaway Inc,236,236,NULL,236,236,NULL,32,NULL,40301040,100193,0,11,NULL,SecSetup,2011-09-19 11:49:26.397,NULL,NULL,NULL,NULL,NULL,NULL,NULL,NULL,NULL
11,C US,Citigroup Inc,236,236,NULL,236,236,NULL,32,NULL,40201020,101214,0,12,NULL,SecSetup,2010-12-02 16:43:57.700,NULL,NULL,NULL,NULL,NULL,NULL,NULL,NULL,NULL
12,CAT US,Caterpillar Inc,236,236,NULL,236,236,NULL,32,NULL,20106010,100285,0,13,NULL,SecSetup,2010-12-02 16:43:58.817,NULL,NULL,NULL,NULL,NULL,NULL,NULL,NULL,NULL
13,CBS US,CBS Corp,236,236,NULL,236,236,NULL,32,NULL,25401020,107674,0,14,NULL,SecSetup,2010-12-02 16:44:00.007,NULL,NULL,NULL,NULL,NULL,NULL,NULL,NULL,NULL
14,CCE US,Coca-Cola Enterprises Inc,236,236,NULL,236,236,NULL,32,NULL,30201030,100354,0,NULL,,\jherr,2011-11-03 14:57:38.000,NULL,NULL,NULL,NULL,NULL,NULL,NULL,NULL,NULL
15,CCI US,Crown Castle International Cor,236,236,NULL,236,236,NULL,32,NULL,50102010,307493,0,16,NULL,SecSetup,2010-12-02 16:44:02.200,NULL,NULL,NULL,NULL,NULL,NULL,NULL,NULL,NULL
16,CCK US,Crown Holdings Inc,236,236,NULL,236,236,NULL,32,NULL,15103010,100412,0,17,NULL,SecSetup,2010-12-02 16:44:03.187,NULL,NULL,NULL,NULL,NULL,NULL,NULL,NULL,NULL
17,CHD US,Church & Dwight Co Inc,236,236,NULL,236,236,NULL,32,NULL,30301010,100324,0,18,NULL,SecSetup,2010-12-02 16:44:03.980,NULL,NULL,NULL,NULL,NULL,NULL,NULL,NULL,NULL
18,CI US,CIGNA Corp,236,236,NULL,236,236,NULL,32,NULL,35102030,100326,0,19,NULL,SecSetup,2010-12-02 16:44:04.923,NULL,NULL,NULL,NULL,NULL,NULL,NULL,NULL,NULL
19,CL US,Colgate-Palmolive Co,236,236,NULL,236,236,NULL,32,NULL,30301010,100359,0,20,NULL,SecSetup,2010-12-02 16:44:05.997,NULL,NULL,NULL,NULL,NULL,NULL,NULL,NULL,NULL
20,COH US,Coach Inc,236,236,NULL,236,236,NULL,32,NULL,25203010,1182041,0,21,NULL,SecSetup,2010-12-02 16:44:07.167,NULL,NULL,NULL,NULL,NULL,NULL,NULL,NULL,NULL
21,COLM US,Columbia Sportswear Co,236,236,NULL,236,236,NULL,32,NULL,25203010,219874,0,22,NULL,SecSetup,2010-12-02 16:44:08.180,NULL,NULL,NULL,NULL,NULL,NULL,NULL,NULL,NULL
22,COST US,Costco Wholesale Corp,236,236,NULL,236,236,NULL,32,NULL,30101040,101758,0,23,NULL,SecSetup,2010-12-02 16:44:09.200,NULL,NULL,NULL,NULL,NULL,NULL,NULL,NULL,NULL
23,CREE US,Cree Inc,236,236,NULL,236,236,NULL,32,NULL,45301020,116934,0,24,NULL,SecSetup,2010-12-02 16:44:10.283,NULL,NULL,NULL,NULL,NULL,NULL,NULL,NULL,NULL
24,CRI US,Carter's Inc,236,236,NULL,236,236,NULL,32,NULL,25203010,376102,0,25,NULL,SecSetup,2010-12-02 16:44:11.380,NULL,NULL,NULL,NULL,NULL,NULL,NULL,NULL,NULL
25,CSIQ US,Canadian Solar Inc,236,15,NULL,15,15,NULL,32,NULL,45301020,11162837,0,26,NULL,SecSetup,2010-12-02 16:44:12.520,NULL,NULL,NULL,NULL,NULL,NULL,NULL,NULL,NULL
26,CSTR US,Coinstar Inc,236,236,NULL,236,236,NULL,32,NULL,25302020,139674,0,27,NULL,SecSetup,2010-12-02 16:44:13.890,NULL,NULL,NULL,NULL,NULL,NULL,NULL,NULL,NULL
27,DTV US,DIRECTV,236,236,NULL,236,236,NULL,32,NULL,25401025,8083075,0,28,NULL,SecSetup,2010-12-02 16:44:14.943,NULL,NULL,NULL,NULL,NULL,NULL,NULL,NULL,NULL
28,ELUXB SS,Electrolux AB,75,75,NULL,75,75,NULL,27,NULL,25201040,115706,0,30,NULL,SecSetup,2010-12-02 16:44:16.667,NULL,NULL,NULL,NULL,NULL,NULL,NULL,NULL,NULL
29,EMC US,EMC Corp/Massachusetts,236,236,NULL,236,236,NULL,32,NULL,45202020,100513,0,31,NULL,Marty,2011-12-05 09:26:03.883,NULL,NULL,NULL,NULL,NULL,NULL,NULL,NULL,NULL
30,ESI US,ITT Educational Services Inc,236,236,NULL,236,236,NULL,32,NULL,25302010,159357,0,32,NULL,SecSetup,2010-12-02 16:44:18.767,NULL,NULL,NULL,NULL,NULL,NULL,NULL,NULL,NULL
31,FAST US,Fastenal Co,236,236,NULL,236,236,NULL,32,NULL,20107010,103757,0,33,NULL,SecSetup,2010-12-02 16:44:19.843,NULL,NULL,NULL,NULL,NULL,NULL,NULL,NULL,NULL
32,FICO US,Fair Isaac Corp,236,236,NULL,236,236,NULL,32,NULL,45103010,103869,0,34,NULL,SecSetup,2010-12-02 16:44:22.207,NULL,NULL,NULL,NULL,NULL,NULL,NULL,NULL,NULL
33,FLIR US,FLIR Systems Inc,236,236,NULL,236,236,NULL,32,NULL,45203010,118977,0,35,NULL,SecSetup,2010-12-02 16:44:23.210,NULL,NULL,NULL,NULL,NULL,NULL,NULL,NULL,NULL
34,FLO US,Flowers Foods Inc,236,236,NULL,236,236,NULL,32,NULL,30202030,1745630,0,36,NULL,SecSetup,2010-12-02 16:44:24.157,NULL,NULL,NULL,NULL,NULL,NULL,NULL,NULL,NULL
35,FRO US,Frontline Ltd/Bermuda,236,9,NULL,9,9,NULL,32,NULL,10102040,111886,0,37,NULL,SecSetup,2010-12-31 09:03:47.213,NULL,NULL,NULL,NULL,NULL,NULL,NULL,NULL,NULL
36,FSLR US,First Solar Inc,236,236,NULL,236,236,NULL,32,NULL,45301020,10892987,0,NULL,,\tom,2011-06-20 12:06:24.000,NULL,NULL,NULL,NULL,NULL,NULL,NULL,NULL,NULL
37,GMCR US,Green Mountain Coffee Roasters,236,236,NULL,236,236,NULL,32,NULL,30202030,119991,0,39,NULL,SecSetup,2010-12-02 16:44:27.553,NULL,NULL,NULL,NULL,NULL,NULL,NULL,NULL,NULL
38,GPC US,Genuine Parts Co,236,236,NULL,236,236,NULL,32,NULL,25501010,100649,0,40,NULL,SecSetup,2010-12-02 16:44:28.320,NULL,NULL,NULL,NULL,NULL,NULL,NULL,NULL,NULL
39,GPN US,Global Payments Inc,236,236,NULL,236,236,NULL,32,NULL,45102020,1184405,0,41,NULL,SecSetup,2010-12-02 16:44:30.833,NULL,NULL,NULL,NULL,NULL,NULL,NULL,NULL,NULL
40,GPS US,Gap Inc/The,236,236,NULL,236,236,NULL,32,NULL,25504010,100625,0,42,NULL,SecSetup,2010-12-02 16:44:31.997,NULL,NULL,NULL,NULL,NULL,NULL,NULL,NULL,NULL
41,GR US,Goodrich Corp,236,236,NULL,236,236,NULL,32,NULL,20101010,100667,0,43,NULL,SecSetup,2010-12-02 16:44:32.793,NULL,NULL,NULL,NULL,NULL,NULL,NULL,NULL,NULL
42,HD US,Home Depot Inc,236,236,NULL,236,236,NULL,32,NULL,25504030,100743,0,44,NULL,SecSetup,2010-12-02 16:44:33.963,NULL,NULL,NULL,NULL,NULL,NULL,NULL,NULL,NULL
43,HK US,Petrohawk Energy Corp,236,236,NULL,236,236,NULL,32,NULL,10102020,852152,0,45,NULL,SecSetup,2010-12-02 16:44:35.273,NULL,NULL,NULL,NULL,NULL,NULL,NULL,NULL,NULL
45,HRB US,H&R Block Inc,236,236,NULL,236,236,NULL,32,NULL,25302020,100208,0,48,NULL,SecSetup,2010-12-02 16:44:37.517,NULL,NULL,NULL,NULL,NULL,NULL,NULL,NULL,NULL
46,HRS US,Harris Corp,236,236,NULL,236,236,NULL,32,NULL,45201020,100710,0,49,NULL,SecSetup,2010-12-02 16:44:38.583,NULL,NULL,NULL,NULL,NULL,NULL,NULL,NULL,NULL
47,IDMCQ US,IndyMac Bancorp Inc,236,236,NULL,236,236,NULL,32,NULL,40102010,100401,0,50,NULL,SecSetup,2010-12-02 16:44:39.200,NULL,NULL,NULL,NULL,NULL,NULL,NULL,NULL,NULL
48,INTU US,Intuit Inc,236,236,NULL,236,236,NULL,32,NULL,45103010,116632,0,51,NULL,SecSetup,2010-12-02 16:44:40.923,NULL,NULL,NULL,NULL,NULL,NULL,NULL,NULL,NULL
49,IVZ US,Invesco Ltd,236,236,NULL,236,236,NULL,32,NULL,40203010,111785,0,52,NULL,SecSetup,2010-12-02 16:44:41.843,NULL,NULL,NULL,NULL,NULL,NULL,NULL,NULL,NULL
50,JNY US,Jones Group Inc/The,236,236,NULL,236,236,NULL,32,NULL,25203010,100830,0,53,NULL,SecSetup,2010-12-02 16:44:42.680,NULL,NULL,NULL,NULL,NULL,NULL,NULL,NULL,NULL
51,KMB US,Kimberly-Clark Corp,236,236,NULL,236,236,NULL,32,NULL,30301010,100853,0,54,NULL,SecSetup,2010-12-02 16:44:43.777,NULL,NULL,NULL,NULL,NULL,NULL,NULL,NULL,NULL
52,CTRW US,Contran Corp,236,236,NULL,236,236,NULL,32,NULL,NULL,313603,0,56,NULL,SecSetup,2010-12-02 16:44:44.760,NULL,NULL,NULL,NULL,NULL,NULL,NULL,NULL,NULL
53,LEHMQ US,Lehman Brothers Holdings Inc,236,236,NULL,236,236,NULL,32,NULL,40203020,132368,0,57,NULL,SecSetup,2010-12-02 16:44:45.527,NULL,NULL,NULL,NULL,NULL,NULL,NULL,NULL,NULL
54,LTM US,Life Time Fitness Inc,236,236,NULL,236,236,NULL,32,NULL,25301030,8762492,0,58,NULL,SecSetup,2010-12-02 16:44:46.380,NULL,NULL,NULL,NULL,NULL,NULL,NULL,NULL,NULL
55,LULU US,Lululemon Athletica Inc,236,15,NULL,15,15,NULL,32,NULL,25203010,11891475,0,59,NULL,SecSetup,2010-12-02 16:44:47.470,NULL,NULL,NULL,NULL,NULL,NULL,NULL,NULL,NULL
56,MAR US,Marriott International Inc/DE,236,236,NULL,236,236,NULL,32,NULL,25301020,313673,0,60,NULL,SecSetup,2010-12-02 16:44:49.123,NULL,NULL,NULL,NULL,NULL,NULL,NULL,NULL,NULL
57,MD US,Mednax Inc,236,236,NULL,236,236,NULL,32,NULL,35102015,171152,0,61,NULL,SecSetup,2010-12-02 16:44:49.930,NULL,NULL,NULL,NULL,NULL,NULL,NULL,NULL,NULL
58,ALBK ID,Allied Irish Banks PLC,35,35,NULL,35,35,NULL,11,NULL,40101010,100041,0,NULL,NULL,SecSetup,2010-12-02 16:44:51.750,NULL,NULL,NULL,NULL,NULL,NULL,NULL,NULL,NULL
59,NVR US,NVR Inc,236,236,NULL,236,236,NULL,32,NULL,25201030,105807,0,64,NULL,SecSetup,2010-12-02 16:44:52.323,NULL,NULL,NULL,NULL,NULL,NULL,NULL,NULL,NULL
60,NWL US,Newell Rubbermaid Inc,236,236,NULL,236,236,NULL,32,NULL,25201050,101065,0,65,NULL,SecSetup,2010-12-02 16:44:53.690,NULL,NULL,NULL,NULL,NULL,NULL,NULL,NULL,NULL
61,OC US,Owens Corning,236,236,NULL,236,236,NULL,32,NULL,20102010,11089797,0,66,NULL,SecSetup,2010-12-02 16:44:55.090,NULL,NULL,NULL,NULL,NULL,NULL,NULL,NULL,NULL
62,OXY US,Occidental Petroleum Corp,236,236,NULL,236,236,NULL,32,NULL,10102010,101106,0,67,NULL,SecSetup,2010-12-02 16:44:57.903,NULL,NULL,NULL,NULL,NULL,NULL,NULL,NULL,NULL
63,PBI US,Pitney Bowes Inc,236,236,NULL,236,236,NULL,32,NULL,20201060,101187,0,68,NULL,SecSetup,2010-12-02 16:44:58.803,NULL,NULL,NULL,NULL,NULL,NULL,NULL,NULL,NULL
64,PCAR US,PACCAR Inc,236,236,NULL,236,236,NULL,32,NULL,20106010,101754,0,69,NULL,SecSetup,2010-12-02 16:45:00.040,NULL,NULL,NULL,NULL,NULL,NULL,NULL,NULL,NULL
65,PG US,Procter & Gamble Co/The,236,236,NULL,236,236,NULL,32,NULL,30301010,101215,0,70,NULL,SecSetup,2010-12-02 16:45:01.013,NULL,NULL,NULL,NULL,NULL,NULL,NULL,NULL,NULL
66,PGR US,Progressive Corp/The,236,236,NULL,236,236,NULL,32,NULL,40301040,101216,0,71,NULL,SecSetup,2010-12-02 16:45:01.777,NULL,NULL,NULL,NULL,NULL,NULL,NULL,NULL,NULL
67,PLCE US,Childrens Place Retail Stores,236,236,NULL,236,236,NULL,32,NULL,25504010,196082,0,72,NULL,SecSetup,2010-12-02 16:45:02.917,NULL,NULL,NULL,NULL,NULL,NULL,NULL,NULL,NULL
68,PVH US,Phillips-Van Heusen Corp,236,236,NULL,236,236,NULL,32,NULL,25203010,101175,0,73,NULL,SecSetup,2010-12-02 16:45:03.977,NULL,NULL,NULL,NULL,NULL,NULL,NULL,NULL,NULL
69,PWER US,Power-One Inc,236,236,NULL,236,236,NULL,32,NULL,45203015,225997,0,74,NULL,SecSetup,2010-12-02 16:45:05.117,NULL,NULL,NULL,NULL,NULL,NULL,NULL,NULL,NULL
70,QEP US,QEP Resources Inc,236,236,NULL,236,236,NULL,32,NULL,10102020,819295,0,75,NULL,SecSetup,2010-12-02 16:45:06.007,NULL,NULL,NULL,NULL,NULL,NULL,NULL,NULL,NULL
71,RRC US,Range Resources Corp,236,236,NULL,236,236,NULL,32,NULL,10102020,105106,0,76,NULL,SecSetup,2010-12-02 16:45:07.560,NULL,NULL,NULL,NULL,NULL,NULL,NULL,NULL,NULL
72,SBAC US,SBA Communications Corp,236,236,NULL,236,236,NULL,32,NULL,50102010,319218,0,77,NULL,SecSetup,2010-12-02 16:45:08.743,NULL,NULL,NULL,NULL,NULL,NULL,NULL,NULL,NULL
73,SCHL US,Scholastic Corp,236,236,NULL,236,236,NULL,32,NULL,25401040,106702,0,78,NULL,SecSetup,2010-12-02 16:45:09.787,NULL,NULL,NULL,NULL,NULL,NULL,NULL,NULL,NULL
74,SHW US,Sherwin-Williams Co/The,236,236,NULL,236,236,NULL,32,NULL,15101050,101341,0,79,NULL,SecSetup,2010-12-02 16:45:11.307,NULL,NULL,NULL,NULL,NULL,NULL,NULL,NULL,NULL
75,SLE US,Sara Lee Corp,236,236,NULL,236,236,NULL,32,NULL,30202030,101312,0,80,NULL,rahul,2011-08-16 15:32:27.287,NULL,NULL,NULL,NULL,NULL,NULL,NULL,NULL,NULL
76,STRA US,Strayer Education Inc,236,236,NULL,236,236,NULL,32,NULL,25302010,187351,0,81,NULL,SecSetup,2010-12-02 16:45:13.440,NULL,NULL,NULL,NULL,NULL,NULL,NULL,NULL,NULL
77,SYK US,Stryker Corp,236,236,NULL,236,236,NULL,32,NULL,35101010,101770,0,82,NULL,SecSetup,2010-12-02 16:45:14.530,NULL,NULL,NULL,NULL,NULL,NULL,NULL,NULL,NULL
78,TFM US,Fresh Market Inc/The,236,236,NULL,236,236,NULL,32,NULL,30101030,10834131,0,83,NULL,SecSetup,2010-12-02 16:45:15.497,NULL,NULL,NULL,NULL,NULL,NULL,NULL,NULL,NULL
79,TGT US,Target Corp,236,236,NULL,236,236,NULL,32,NULL,25503020,100436,0,84,NULL,SecSetup,2010-12-02 16:45:16.640,NULL,NULL,NULL,NULL,NULL,NULL,NULL,NULL,NULL
80,TIF US,Tiffany & Co,236,236,NULL,236,236,NULL,32,NULL,25504040,101473,0,85,NULL,SecSetup,2010-12-02 16:45:18.013,NULL,NULL,NULL,NULL,NULL,NULL,NULL,NULL,NULL
81,TJX US,TJX Cos Inc,236,236,NULL,236,236,NULL,32,NULL,25504010,101481,0,86,NULL,SecSetup,2010-12-02 16:45:19.043,NULL,NULL,NULL,NULL,NULL,NULL,NULL,NULL,NULL
82,TSS US,Total System Services Inc,236,236,NULL,236,236,NULL,32,NULL,45102020,101492,0,87,NULL,SecSetup,2010-12-02 16:45:19.820,NULL,NULL,NULL,NULL,NULL,NULL,NULL,NULL,NULL
83,TWC US,Time Warner Cable Inc,236,236,NULL,236,236,NULL,32,NULL,25401025,968558,0,88,NULL,SecSetup,2010-12-02 16:45:20.800,NULL,NULL,NULL,NULL,NULL,NULL,NULL,NULL,NULL
84,URBN US,Urban Outfitters Inc,236,236,NULL,236,236,NULL,32,NULL,25504010,126303,0,89,NULL,SecSetup,2010-12-02 16:45:21.837,NULL,NULL,NULL,NULL,NULL,NULL,NULL,NULL,NULL
85,VMI US,Valmont Industries Inc,236,236,NULL,236,236,NULL,32,NULL,20106020,107624,0,90,NULL,SecSetup,2010-12-02 16:45:22.860,NULL,NULL,NULL,NULL,NULL,NULL,NULL,NULL,NULL
86,WFMI US,Whole Foods Market Inc,236,236,NULL,236,236,NULL,32,NULL,30101030,107823,0,91,NULL,SecSetup,2010-12-02 16:45:24.077,NULL,NULL,NULL,NULL,NULL,NULL,NULL,NULL,NULL
87,WHR US,Whirlpool Corp,236,236,NULL,236,236,NULL,32,NULL,25201040,101655,0,92,NULL,rahul,2011-11-02 11:11:24.807,NULL,NULL,NULL,NULL,NULL,NULL,NULL,NULL,NULL
88,WMS US,WMS Industries Inc,236,236,NULL,236,236,NULL,32,NULL,25301010,101670,0,93,NULL,SecSetup,2010-12-02 16:45:26.077,NULL,NULL,NULL,NULL,NULL,NULL,NULL,NULL,NULL
89,WPO US,Washington Post Co/The,236,236,NULL,236,236,NULL,32,NULL,25401040,101624,0,94,NULL,SecSetup,2010-12-02 16:45:26.510,NULL,NULL,NULL,NULL,NULL,NULL,NULL,NULL,NULL
90,WU US,Western Union Co/The,236,236,NULL,236,236,NULL,32,NULL,45102020,263496,0,95,NULL,SecSetup,2010-12-02 16:45:27.693,NULL,NULL,NULL,NULL,NULL,NULL,NULL,NULL,NULL
91,YUM US,Yum! Brands Inc,236,236,NULL,236,236,NULL,32,NULL,25301040,302359,0,96,NULL,SecSetup,2010-12-02 16:45:28.763,NULL,NULL,NULL,NULL,NULL,NULL,NULL,NULL,NULL
94,ASSAB SS,Assa Abloy AB,75,75,NULL,75,75,NULL,27,NULL,20102010,153873,0,NULL,,\rahul,2011-05-16 18:40:14.000,NULL,NULL,NULL,NULL,NULL,NULL,NULL,NULL,NULL
95,AKZA NA,Akzo Nobel NV,56,56,NULL,56,56,NULL,11,NULL,15101020,115648,0,104,NULL,SecSetup,2010-12-08 17:50:54.763,NULL,NULL,NULL,NULL,NULL,NULL,NULL,NULL,NULL
96,ALFA SS,Alfa Laval AB,75,75,NULL,75,75,NULL,27,NULL,20106020,215856,0,106,NULL,SecSetup,2010-12-08 17:53:55.420,NULL,NULL,NULL,NULL,NULL,NULL,NULL,NULL,NULL
97,APOL US,Apollo Group Inc,236,236,NULL,236,236,NULL,32,NULL,25302010,154705,0,107,NULL,SecSetup,2010-12-08 17:54:03.400,NULL,NULL,NULL,NULL,NULL,NULL,NULL,NULL,NULL
98,BBT US,BB&T Corp,236,236,NULL,236,236,NULL,32,NULL,40101015,101372,0,108,NULL,SecSetup,2010-12-08 17:54:05.007,NULL,NULL,NULL,NULL,NULL,NULL,NULL,NULL,NULL
99,CIEL3 BZ,Cielo SA,11,11,NULL,11,11,NULL,35,NULL,45102020,11480523,0,109,NULL,SecSetup,2010-12-08 17:54:06.823,NULL,NULL,NULL,NULL,NULL,NULL,NULL,NULL,NULL
100,CFR VX,Cie Financiere Richemont SA,76,76,NULL,76,76,NULL,6,NULL,25203010,117896,0,111,,\tom,2011-03-29 17:08:29.000,NULL,NULL,NULL,NULL,NULL,NULL,NULL,NULL,NULL
101,CMG US,Chipotle Mexican Grill Inc,236,236,NULL,236,236,NULL,32,NULL,25301040,7344718,0,112,NULL,SecSetup,2010-12-08 17:54:11.800,NULL,NULL,NULL,NULL,NULL,NULL,NULL,NULL,NULL
102,CBK GR,Commerzbank AG,28,28,NULL,28,28,NULL,11,NULL,40101010,115684,0,114,NULL,rahul,2011-05-27 15:00:05.727,NULL,NULL,NULL,NULL,NULL,NULL,NULL,NULL,NULL
103,CPX US,Complete Production Services I,236,236,NULL,236,236,NULL,32,NULL,10101020,9908447,0,115,NULL,SecSetup,2010-12-08 17:54:16.733,NULL,NULL,NULL,NULL,NULL,NULL,NULL,NULL,NULL
104,MAERSKB DC,AP Moller - Maersk A/S,22,22,NULL,22,22,NULL,9,NULL,20303010,136124,0,117,NULL,SecSetup,2010-12-08 17:54:20.013,NULL,NULL,NULL,NULL,NULL,NULL,NULL,NULL,NULL
105,DVN US,Devon Energy Corp,236,236,NULL,236,236,NULL,32,NULL,10102020,823748,0,118,NULL,SecSetup,2010-12-08 17:54:21.513,NULL,NULL,NULL,NULL,NULL,NULL,NULL,NULL,NULL
106,EAD FP,European Aeronautic Defence an,27,56,NULL,56,56,NULL,11,NULL,20101010,876285,0,120,NULL,SecSetup,2010-12-08 17:54:24.337,NULL,NULL,NULL,NULL,NULL,NULL,NULL,NULL,NULL
107,STERV FH,Stora Enso OYJ,26,26,NULL,26,26,NULL,11,NULL,15105020,180739,0,122,NULL,SecSetup,2010-12-08 17:54:26.800,NULL,NULL,NULL,NULL,NULL,NULL,NULL,NULL,NULL
108,F US,Ford Motor Co,236,236,NULL,236,236,NULL,32,NULL,25102010,100602,0,123,NULL,SecSetup,2010-12-08 17:54:28.030,NULL,NULL,NULL,NULL,NULL,NULL,NULL,NULL,NULL
109,FXJ AU,Fairfax Media Ltd,3,3,NULL,3,3,NULL,3,NULL,25401040,112862,0,125,NULL,SecSetup,2010-12-08 17:54:31.487,NULL,NULL,NULL,NULL,NULL,NULL,NULL,NULL,NULL
110,GAM SW,GAM Holding AG,76,76,NULL,76,76,NULL,6,NULL,40203010,116653,0,127,NULL,SecSetup,2010-12-08 17:54:34.440,NULL,NULL,NULL,NULL,NULL,NULL,NULL,NULL,NULL
111,GM US,General Motors Co,236,236,NULL,236,236,NULL,32,NULL,25102010,16632863,0,128,NULL,SecSetup,2010-12-08 17:54:35.537,NULL,NULL,NULL,NULL,NULL,NULL,NULL,NULL,NULL
112,303 HK,VTech Holdings Ltd,30,30,NULL,30,30,NULL,16,NULL,45201020,112477,0,130,NULL,SecSetup,2010-12-08 17:54:36.460,NULL,NULL,NULL,NULL,NULL,NULL,NULL,NULL,NULL
113,PRCH CH,People's Republic of China,17,17,NULL,17,17,NULL,36,NULL,NULL,191008,0,132,NULL,SecSetup,2011-07-25 09:00:13.850,NULL,NULL,NULL,NULL,NULL,NULL,NULL,NULL,NULL
114,HRTP3 BZ,HRT Participacoes em Petroleo,11,11,NULL,11,11,NULL,35,NULL,10102020,20377295,0,133,NULL,SecSetup,2010-12-08 17:54:39.297,NULL,NULL,NULL,NULL,NULL,NULL,NULL,NULL,NULL
115,HUN US,Huntsman Corp,236,236,NULL,236,236,NULL,32,NULL,15101020,9188256,0,NULL,,\tom,2011-06-20 12:12:25.000,NULL,NULL,NULL,NULL,NULL,NULL,NULL,NULL,NULL
116,ABI BB,Anheuser-Busch InBev NV,8,8,NULL,8,8,NULL,11,NULL,30201010,180593,0,NULL,,\rahul,2011-05-17 09:24:53.000,NULL,NULL,NULL,NULL,NULL,NULL,NULL,NULL,NULL
117,IR US,Ingersoll-Rand PLC,236,35,NULL,35,35,NULL,32,NULL,20106020,100787,0,137,NULL,SecSetup,2010-12-08 17:54:45.297,NULL,NULL,NULL,NULL,NULL,NULL,NULL,NULL,NULL
118,ISRG US,Intuitive Surgical Inc,236,236,NULL,236,236,NULL,32,NULL,35101010,313963,0,138,NULL,SecSetup,2010-12-08 17:54:46.990,NULL,NULL,NULL,NULL,NULL,NULL,NULL,NULL,NULL
119,JCP US,JC Penney Co Inc,236,236,NULL,236,236,NULL,32,NULL,25503010,101154,0,139,NULL,SecSetup,2010-12-08 17:54:48.577,NULL,NULL,NULL,NULL,NULL,NULL,NULL,NULL,NULL
120,117693Z US,Providence Equity Partners Inc,236,236,NULL,236,236,NULL,32,NULL,NULL,944772,0,141,NULL,SecSetup,2010-12-08 17:54:50.800,NULL,NULL,NULL,NULL,NULL,NULL,NULL,NULL,NULL
121,M US,Macy's Inc,236,236,NULL,236,236,NULL,32,NULL,25503010,100562,0,142,NULL,SecSetup,2010-12-08 17:54:52.270,NULL,NULL,NULL,NULL,NULL,NULL,NULL,NULL,NULL
122,MS IM,Mediaset SpA,37,37,NULL,37,37,NULL,11,NULL,25401020,180703,0,144,NULL,SecSetup,2010-12-08 17:54:55.307,NULL,NULL,NULL,NULL,NULL,NULL,NULL,NULL,NULL
123,NDA SS,Nordea Bank AB,75,75,NULL,75,75,NULL,27,NULL,40101010,307612,0,146,NULL,SecSetup,2010-12-08 17:54:57.833,NULL,NULL,NULL,NULL,NULL,NULL,NULL,NULL,NULL
124,POG LN,Petropavlovsk PLC,84,84,NULL,84,84,NULL,14,NULL,15104030,7688873,0,148,NULL,SecSetup,2010-12-08 17:54:59.860,NULL,NULL,NULL,NULL,NULL,NULL,NULL,NULL,NULL
125,UG FP,Peugeot SA,27,27,NULL,27,27,NULL,11,NULL,25102010,115469,0,150,NULL,SecSetup,2010-12-08 17:55:02.037,NULL,NULL,NULL,NULL,NULL,NULL,NULL,NULL,NULL
126,PNC US,PNC Financial Services Group I,236,236,NULL,236,236,NULL,32,NULL,40101015,101193,0,151,NULL,SecSetup,2010-12-08 17:55:03.730,NULL,NULL,NULL,NULL,NULL,NULL,NULL,NULL,NULL
127,PTEN US,Patterson-UTI Energy Inc,236,236,NULL,236,236,NULL,32,NULL,10101010,126173,0,152,NULL,SecSetup,2010-12-08 17:55:05.497,NULL,NULL,NULL,NULL,NULL,NULL,NULL,NULL,NULL
128,RF US,Regions Financial Corp,236,236,NULL,236,236,NULL,32,NULL,40101015,9022532,0,153,NULL,SecSetup,2010-12-08 17:55:06.940,NULL,NULL,NULL,NULL,NULL,NULL,NULL,NULL,NULL
129,SAF FP,Safran SA,27,27,NULL,27,27,NULL,11,NULL,20101010,115519,0,155,NULL,SecSetup,2010-12-08 17:55:10.033,NULL,NULL,NULL,NULL,NULL,NULL,NULL,NULL,NULL
130,SCI SP,SembCorp Industries Ltd,70,70,NULL,70,70,NULL,28,NULL,20105010,350477,0,157,NULL,SecSetup,2010-12-31 08:54:44.960,NULL,NULL,NULL,NULL,NULL,NULL,NULL,NULL,NULL
131,SFR NO,Statoil Fuel & Retail ASA,55,55,NULL,55,55,NULL,24,NULL,25504050,20959588,0,158,NULL,SecSetup,2010-12-08 17:55:13.537,NULL,NULL,NULL,NULL,NULL,NULL,NULL,NULL,NULL
132,SKAB SS,Skanska AB,75,75,NULL,75,75,NULL,27,NULL,20103010,116936,0,160,NULL,SecSetup,2010-12-08 17:55:16.380,NULL,NULL,NULL,NULL,NULL,NULL,NULL,NULL,NULL
133,SNC CN,SNC-Lavalin Group Inc,15,15,NULL,15,15,NULL,5,NULL,20103010,110543,0,162,NULL,SecSetup,2010-12-08 17:55:19.503,NULL,NULL,NULL,NULL,NULL,NULL,NULL,NULL,NULL
134,SPF US,Standard Pacific Corp,236,236,NULL,236,236,NULL,32,NULL,25201030,101394,0,163,NULL,SecSetup,2010-12-08 17:55:20.627,NULL,NULL,NULL,NULL,NULL,NULL,NULL,NULL,NULL
135,UHR VX,Swatch Group AG/The,76,76,NULL,76,76,NULL,6,NULL,25203010,116654,0,165,NULL,SecSetup,2010-12-08 17:55:23.523,NULL,NULL,NULL,NULL,NULL,NULL,NULL,NULL,NULL
136,UNA NA,Unilever NV,56,56,NULL,56,56,NULL,11,NULL,30202030,101533,0,NULL,,\tom,2011-06-20 11:45:37.000,NULL,NULL,NULL,NULL,NULL,NULL,NULL,NULL,NULL
137,VWS DC,Vestas Wind Systems A/S,22,22,NULL,22,22,NULL,9,NULL,20104020,328097,0,NULL,,\tom,2011-06-20 13:07:11.000,NULL,NULL,NULL,NULL,NULL,NULL,NULL,NULL,NULL
138,WKCMF US,Dr Alexander Wacker Familien G,236,28,NULL,28,28,NULL,32,NULL,15101050,7044419,0,170,NULL,SecSetup,2011-05-11 11:00:45.017,NULL,NULL,NULL,NULL,NULL,NULL,NULL,NULL,NULL
139,WLP US,WellPoint Inc,236,236,NULL,236,236,NULL,32,NULL,35102030,903117,0,171,NULL,SecSetup,2010-12-08 17:55:32.243,NULL,NULL,NULL,NULL,NULL,NULL,NULL,NULL,NULL
140,WY US,Weyerhaeuser Co,236,236,NULL,236,236,NULL,32,NULL,40402070,101652,0,172,NULL,SecSetup,2010-12-08 17:55:33.630,NULL,NULL,NULL,NULL,NULL,NULL,NULL,NULL,NULL
141,YLO CN,Yellow Media Inc,15,15,NULL,15,15,NULL,5,NULL,25401040,8221126,0,174,NULL,SecSetup,2010-12-08 17:55:36.020,NULL,NULL,NULL,NULL,NULL,NULL,NULL,NULL,NULL
142,042660 KS,Daewoo Shipbuilding & Marine E,42,42,NULL,42,42,NULL,20,NULL,20106010,815794,0,177,NULL,SecSetup,2010-12-31 09:01:36.587,NULL,NULL,NULL,NULL,NULL,NULL,NULL,NULL,NULL
143,AHMIQ US,American Home Mortgage Investm,236,236,NULL,236,236,NULL,32,NULL,40402030,8504768,0,178,NULL,SecSetup,2010-12-31 09:03:04.790,NULL,NULL,NULL,NULL,NULL,NULL,NULL,NULL,NULL
144,AXP US,American Express Co,236,236,NULL,236,236,NULL,32,NULL,40202010,100061,0,179,NULL,SecSetup,2010-12-31 09:03:13.880,NULL,NULL,NULL,NULL,NULL,NULL,NULL,NULL,NULL
145,BIDU US,Baidu Inc/China,236,17,NULL,17,17,NULL,32,NULL,45101010,9010165,0,180,NULL,SecSetup,2010-12-31 09:03:15.497,NULL,NULL,NULL,NULL,NULL,NULL,NULL,NULL,NULL
146,BRIN3 BZ,Brasil Insurance Participacoes,11,11,NULL,11,11,NULL,35,NULL,40301010,18572067,0,181,NULL,SecSetup,2010-12-31 09:03:37.050,NULL,NULL,NULL,NULL,NULL,NULL,NULL,NULL,NULL
147,BXP US,Boston Properties Inc,236,236,NULL,236,236,NULL,32,NULL,40402040,225275,0,182,NULL,SecSetup,2010-12-31 09:03:38.590,NULL,NULL,NULL,NULL,NULL,NULL,NULL,NULL,NULL
148,CPB US,Campbell Soup Co,236,236,NULL,236,236,NULL,32,NULL,30202030,100264,0,183,NULL,SecSetup,2010-12-31 09:03:40.040,NULL,NULL,NULL,NULL,NULL,NULL,NULL,NULL,NULL
149,DANG US,E-Commerce China Dangdang Inc,236,17,NULL,17,17,NULL,32,NULL,25502020,22048835,0,184,NULL,SecSetup,2010-12-31 09:03:41.393,NULL,NULL,NULL,NULL,NULL,NULL,NULL,NULL,NULL
150,DPS US,Dr Pepper Snapple Group Inc,236,236,NULL,236,236,NULL,32,NULL,30201030,12271051,0,185,NULL,SecSetup,2010-12-31 09:03:42.387,NULL,NULL,NULL,NULL,NULL,NULL,NULL,NULL,NULL
151,EDU US,New Oriental Education & Techn,236,17,NULL,17,17,NULL,32,NULL,25302010,10916774,0,186,NULL,SecSetup,2010-12-31 09:03:43.937,NULL,NULL,NULL,NULL,NULL,NULL,NULL,NULL,NULL
152,EQR US,Equity Residential,236,236,NULL,236,236,NULL,32,NULL,40402050,119594,0,187,NULL,SecSetup,2010-12-31 09:03:45.037,NULL,NULL,NULL,NULL,NULL,NULL,NULL,NULL,NULL
153,ESRX US,Express Scripts Inc,236,236,NULL,236,236,NULL,32,NULL,35102015,103695,0,188,NULL,SecSetup,2010-12-31 09:03:46.677,NULL,NULL,NULL,NULL,NULL,NULL,NULL,NULL,NULL
154,GRMN US,Garmin Ltd,236,76,NULL,76,76,NULL,32,NULL,25201010,1184444,0,190,NULL,SecSetup,2010-12-31 09:03:48.423,NULL,NULL,NULL,NULL,NULL,NULL,NULL,NULL,NULL
155,SOCZ MA,Sociedade de Turismo e Diverso,174,174,NULL,174,174,NULL,68,NULL,NULL,7935739,0,192,NULL,SecSetup,2010-12-31 09:03:49.520,NULL,NULL,NULL,NULL,NULL,NULL,NULL,NULL,NULL
156,JPM US,JPMorgan Chase & Co,236,236,NULL,236,236,NULL,32,NULL,40201020,100312,0,193,NULL,SecSetup,2010-12-31 09:03:51.007,NULL,NULL,NULL,NULL,NULL,NULL,NULL,NULL,NULL
157,KIM US,Kimco Realty Corp,236,236,NULL,236,236,NULL,32,NULL,40402060,100854,0,194,NULL,SecSetup,2010-12-31 09:03:52.457,NULL,NULL,NULL,NULL,NULL,NULL,NULL,NULL,NULL
158,LZ US,Lubrizol Corp,236,236,NULL,236,236,NULL,32,NULL,15101050,100919,0,195,NULL,SecSetup,2010-12-31 09:03:53.467,NULL,NULL,NULL,NULL,NULL,NULL,NULL,NULL,NULL
159,MHK US,Mohawk Industries Inc,236,236,NULL,236,236,NULL,32,NULL,25201020,105429,0,196,NULL,SecSetup,2010-12-31 09:03:54.683,NULL,NULL,NULL,NULL,NULL,NULL,NULL,NULL,NULL
160,PCL US,Plum Creek Timber Co Inc,236,236,NULL,236,236,NULL,32,NULL,40402070,101192,0,197,NULL,SecSetup,2010-12-31 09:03:56.110,NULL,NULL,NULL,NULL,NULL,NULL,NULL,NULL,NULL
161,PSMT US,Pricesmart Inc,236,236,NULL,236,236,NULL,32,NULL,30101040,302110,0,198,NULL,SecSetup,2010-12-31 09:03:57.073,NULL,NULL,NULL,NULL,NULL,NULL,NULL,NULL,NULL
162,PWT-U CN,Penn West Energy Trust,15,15,NULL,15,15,NULL,5,NULL,10102020,110203,0,200,NULL,SecSetup,2010-12-31 09:03:59.640,NULL,NULL,NULL,NULL,NULL,NULL,NULL,NULL,NULL
163,ROC US,Rockwood Holdings Inc,236,236,NULL,236,236,NULL,32,NULL,15101050,9461753,0,201,NULL,SecSetup,2010-12-31 09:04:00.907,NULL,NULL,NULL,NULL,NULL,NULL,NULL,NULL,NULL
164,RYL US,Ryland Group Inc,236,236,NULL,236,236,NULL,32,NULL,25201030,101293,0,202,NULL,SecSetup,2010-12-31 09:04:02.463,NULL,NULL,NULL,NULL,NULL,NULL,NULL,NULL,NULL
165,RYN US,Rayonier Inc,236,236,NULL,236,236,NULL,32,NULL,40402070,136178,0,203,NULL,SecSetup,2010-12-31 09:04:03.450,NULL,NULL,NULL,NULL,NULL,NULL,NULL,NULL,NULL
166,S92 GR,SMA Solar Technology AG,28,28,NULL,28,28,NULL,11,NULL,45301010,14867373,0,204,NULL,SecSetup,2010-12-31 09:04:05.020,NULL,NULL,NULL,NULL,NULL,NULL,NULL,NULL,NULL
167,SWFT US,Swift Transporation Co,236,236,NULL,236,236,NULL,32,NULL,20304020,20211330,0,205,NULL,SecSetup,2010-12-31 09:04:05.540,NULL,NULL,NULL,NULL,NULL,NULL,NULL,NULL,NULL
168,TAP US,Molson Coors Brewing Co,236,236,NULL,236,236,NULL,32,NULL,30201010,101715,0,206,NULL,SecSetup,2010-12-31 09:04:06.523,NULL,NULL,NULL,NULL,NULL,NULL,NULL,NULL,NULL
169,TEMN SW,Temenos Group AG,76,76,NULL,76,76,NULL,6,NULL,45103010,1713474,0,207,NULL,SecSetup,2010-12-31 09:04:07.213,NULL,NULL,NULL,NULL,NULL,NULL,NULL,NULL,NULL
170,YGE US,Yingli Green Energy Holding Co,236,17,NULL,17,17,NULL,32,NULL,45301020,11626465,0,208,NULL,SecSetup,2010-12-31 09:04:08.537,NULL,NULL,NULL,NULL,NULL,NULL,NULL,NULL,NULL
171,042660.KS,042660.KS,166,166,NULL,166,NULL,NULL,20,NULL,NULL,NULL,1,NULL,NULL,SecurityResolve,2011-01-05 12:17:38.933,NULL,NULL,NULL,NULL,NULL,NULL,NULL,NULL,NULL
172,BRIN3,BRIN3,11,11,NULL,11,NULL,NULL,35,NULL,NULL,NULL,1,NULL,NULL,SecurityResolve,2011-01-05 12:18:32.993,NULL,NULL,NULL,NULL,NULL,NULL,NULL,NULL,NULL
173,CCE,CCE,236,236,NULL,236,NULL,NULL,32,NULL,NULL,NULL,1,NULL,NULL,SecurityResolve,2011-01-05 12:18:33.073,NULL,NULL,NULL,NULL,NULL,NULL,NULL,NULL,NULL
174,CIEL3,CIEL3,11,11,NULL,11,NULL,NULL,35,NULL,NULL,,1,NULL,,\rahul,2011-05-16 18:33:42.000,NULL,NULL,NULL,NULL,NULL,NULL,NULL,NULL,NULL
175,FXJ.AX,FXJ.AX,3,3,NULL,3,NULL,NULL,3,NULL,NULL,NULL,1,NULL,NULL,SecurityResolve,2011-01-05 12:18:33.203,NULL,NULL,NULL,NULL,NULL,NULL,NULL,NULL,NULL
176,HRTP3,HRTP3,11,11,NULL,11,NULL,NULL,35,NULL,NULL,NULL,1,NULL,NULL,SecurityResolve,2011-01-05 12:18:33.260,NULL,NULL,NULL,NULL,NULL,NULL,NULL,NULL,NULL
177,PETEUF,PETEUF,84,84,NULL,84,NULL,NULL,14,NULL,NULL,NULL,1,NULL,NULL,SecurityResolve,2011-01-05 12:18:33.320,NULL,NULL,NULL,NULL,NULL,NULL,NULL,NULL,NULL
178,AVB US,AvalonBay Communities Inc,236,236,NULL,236,236,NULL,32,NULL,40402050,126750,0,216,NULL,SecSetup,2011-01-05 12:18:37.530,NULL,NULL,NULL,NULL,NULL,NULL,NULL,NULL,NULL
179,NEU US,NewMarket Corp,236,236,NULL,236,236,NULL,32,NULL,15101050,100544,0,217,NULL,SecSetup,2011-01-06 10:32:21.520,NULL,NULL,NULL,NULL,NULL,NULL,NULL,NULL,NULL
180,001800.KS,001800.KS,166,166,NULL,166,NULL,NULL,20,NULL,NULL,NULL,1,NULL,NULL,SecurityResolve,2011-01-07 17:49:05.560,NULL,NULL,NULL,NULL,NULL,NULL,NULL,NULL,NULL
181,001800 KS,Orion Corp/Republic of South K,42,42,NULL,42,42,NULL,20,NULL,30202030,129462,0,218,NULL,SecSetup,2011-01-07 17:49:11.320,NULL,NULL,NULL,NULL,NULL,NULL,NULL,NULL,NULL
182,TOL US,Toll Brothers Inc,236,236,NULL,236,236,NULL,32,NULL,25201030,101486,0,219,NULL,SecSetup,2011-01-07 17:49:13.047,NULL,NULL,NULL,NULL,NULL,NULL,NULL,NULL,NULL
183,HEIA NA,L'Arche Green NV,56,56,NULL,56,56,NULL,11,NULL,30201010,15877930,0,221,NULL,SecSetup,2011-01-11 12:34:48.300,NULL,NULL,NULL,NULL,NULL,NULL,NULL,NULL,NULL
184,CARLB DC,Carlsberg A/S,22,22,NULL,22,22,NULL,9,NULL,30201010,117325,0,222,NULL,SecSetup,2011-01-12 14:19:43.547,NULL,NULL,NULL,NULL,NULL,NULL,NULL,NULL,NULL
185,NTAP US,NetApp Inc,236,236,NULL,236,236,NULL,32,NULL,45202020,171351,0,223,NULL,SecSetup,2011-01-12 14:19:44.737,NULL,NULL,NULL,NULL,NULL,NULL,NULL,NULL,NULL
186,WMT US,Wal-Mart Stores Inc,236,236,NULL,236,236,NULL,32,NULL,30101040,101616,0,NULL,,\dan,2011-10-31 09:58:26.000,NULL,NULL,NULL,NULL,NULL,NULL,NULL,NULL,NULL
187,FII US,Federated Investors Inc,236,236,NULL,236,236,NULL,32,NULL,40203010,171417,0,225,NULL,SecSetup,2011-01-18 13:02:51.980,NULL,NULL,NULL,NULL,NULL,NULL,NULL,NULL,NULL
188,DVA US,DaVita Inc,236,236,NULL,236,236,NULL,32,NULL,35102015,171389,0,226,NULL,SecSetup,2011-01-25 11:20:52.023,NULL,NULL,NULL,NULL,NULL,NULL,NULL,NULL,NULL
189,EQIX US,Equinix Inc,236,236,NULL,236,236,NULL,32,NULL,45101010,7979475,0,227,NULL,SecSetup,2011-01-25 11:20:53.227,NULL,NULL,NULL,NULL,NULL,NULL,NULL,NULL,NULL
190,SWY US,Safeway Inc,236,236,NULL,236,236,NULL,32,NULL,30101030,101300,0,228,NULL,SecSetup,2011-01-25 11:20:55.050,NULL,NULL,NULL,NULL,NULL,NULL,NULL,NULL,NULL
191,TWX US,Time Warner Inc,236,236,NULL,236,236,NULL,32,NULL,25401030,102048,0,229,NULL,SecSetup,2011-01-25 11:20:56.633,NULL,NULL,NULL,NULL,NULL,NULL,NULL,NULL,NULL
192,EXPE US,Expedia Inc,236,236,NULL,236,236,NULL,32,NULL,25502020,9337540,0,230,NULL,SecSetup,2011-01-27 11:54:56.577,NULL,NULL,NULL,NULL,NULL,NULL,NULL,NULL,NULL
195,SPX,S&P 500 INDEX,NULL,NULL,NULL,236,236,NULL,32,NULL,NULL,NULL,0,231,NULL,rahul,2011-01-27 14:19:41.943,NULL,NULL,NULL,NULL,NULL,NULL,NULL,NULL,NULL
196,AMZN US,Amazon.com Inc,236,236,NULL,236,236,NULL,32,NULL,25502020,216952,0,232,NULL,SecSetup,2011-01-28 13:00:01.840,NULL,NULL,NULL,NULL,NULL,NULL,NULL,NULL,NULL
197,ECA CN,Encana Corp,15,15,NULL,15,15,NULL,5,NULL,10102020,110178,0,234,NULL,SecSetup,2011-01-28 13:00:05.230,NULL,NULL,NULL,NULL,NULL,NULL,NULL,NULL,NULL
198,SGY US,Stone Energy Corp,236,236,NULL,236,236,NULL,32,NULL,10102020,119469,0,235,NULL,SecSetup,2011-01-28 13:00:06.707,NULL,NULL,NULL,NULL,NULL,NULL,NULL,NULL,NULL
199,TK US,Teekay Corp,236,15,NULL,15,15,NULL,32,NULL,10102040,136747,0,NULL,,\tom,2011-06-20 13:05:14.000,NULL,NULL,NULL,NULL,NULL,NULL,NULL,NULL,NULL
200,DDS US,Dillard's Inc,236,236,NULL,236,236,NULL,32,NULL,25503010,100460,0,237,NULL,SecSetup,2011-01-31 11:36:12.130,NULL,NULL,NULL,NULL,NULL,NULL,NULL,NULL,NULL
201,KNX US,Knight Transportation Inc,236,236,NULL,236,236,NULL,32,NULL,20304020,154684,0,NULL,,\tom,2011-06-20 12:14:16.000,NULL,NULL,NULL,NULL,NULL,NULL,NULL,NULL,NULL
202,LOW US,Lowe's Cos Inc,236,236,NULL,236,236,NULL,32,NULL,25504030,100916,0,239,NULL,SecSetup,2011-01-31 11:36:15.310,NULL,NULL,NULL,NULL,NULL,NULL,NULL,NULL,NULL
203,AGRO US,Adecoagro SA,236,46,NULL,46,46,NULL,32,NULL,30202030,23759855,0,240,NULL,SecSetup,2011-02-01 11:06:02.887,NULL,NULL,NULL,NULL,NULL,NULL,NULL,NULL,NULL
204,CHK US,Chesapeake Energy Corp,236,236,NULL,236,236,NULL,32,NULL,10102020,117019,0,241,NULL,SecSetup,2011-02-01 11:06:05.777,NULL,NULL,NULL,NULL,NULL,NULL,NULL,NULL,NULL
205,ENR US,Energizer Holdings Inc,236,236,NULL,236,236,NULL,32,NULL,30301010,1174290,0,242,NULL,SecSetup,2011-02-01 11:06:07.427,NULL,NULL,NULL,NULL,NULL,NULL,NULL,NULL,NULL
206,PLL US,Pall Corp,236,236,NULL,236,236,NULL,32,NULL,20106020,106144,0,243,NULL,SecSetup,2011-02-01 11:06:09.060,NULL,NULL,NULL,NULL,NULL,NULL,NULL,NULL,NULL
207,EL US,Estee Lauder Cos Inc/The,236,236,NULL,236,236,NULL,32,NULL,30302010,179046,0,245,NULL,SecSetup,2011-02-02 17:26:47.340,NULL,NULL,NULL,NULL,NULL,NULL,NULL,NULL,NULL
208,USG US,USG Corp,236,236,NULL,236,236,NULL,32,NULL,20102010,101577,0,NULL,,\tom,2011-06-20 12:17:17.000,NULL,NULL,NULL,NULL,NULL,NULL,NULL,NULL,NULL
209,VRX CN,Valeant Pharmaceuticals Intern,15,15,NULL,15,15,NULL,5,NULL,35202010,102640,0,248,NULL,SecSetup,2011-02-02 17:26:51.277,NULL,NULL,NULL,NULL,NULL,NULL,NULL,NULL,NULL
210,DNB US,Dun & Bradstreet Corp,236,236,NULL,236,236,NULL,32,NULL,20202020,1414626,0,249,NULL,SecSetup,2011-02-04 16:35:20.170,NULL,NULL,NULL,NULL,NULL,NULL,NULL,NULL,NULL
211,6753 JP,Sharp Corp/Japan,39,39,NULL,39,39,NULL,19,NULL,25201010,114689,0,250,NULL,SecSetup,2011-02-07 15:34:38.433,NULL,NULL,NULL,NULL,NULL,NULL,NULL,NULL,NULL
212,AOL US,AOL Inc,236,236,NULL,236,236,NULL,32,NULL,45101010,16323604,0,251,NULL,SecSetup,2011-02-08 18:10:18.223,NULL,NULL,NULL,NULL,NULL,NULL,NULL,NULL,NULL
213,EXC US,Exelon Corp,236,236,NULL,236,236,NULL,32,NULL,55101010,101170,0,252,NULL,SecSetup,2011-02-10 10:55:39.903,NULL,NULL,NULL,NULL,NULL,NULL,NULL,NULL,NULL
214,QCOM US,QUALCOMM Inc,236,236,NULL,236,236,NULL,32,NULL,45201020,106370,0,253,NULL,SecSetup,2011-11-30 16:03:42.367,NULL,NULL,NULL,NULL,NULL,NULL,NULL,NULL,NULL
215,SWN US,Southwestern Energy Co,236,236,NULL,236,236,NULL,32,NULL,10102020,101377,0,254,NULL,SecSetup,2011-02-10 10:55:42.973,NULL,NULL,NULL,NULL,NULL,NULL,NULL,NULL,NULL
216,UPL US,Ultra Petroleum Corp,236,236,NULL,236,236,NULL,32,NULL,10102020,110767,0,255,NULL,SecSetup,2011-02-10 10:55:45.563,NULL,NULL,NULL,NULL,NULL,NULL,NULL,NULL,NULL
217,BZH US,Beazer Homes USA Inc,236,236,NULL,236,236,NULL,32,NULL,25201030,136063,0,256,NULL,SecSetup,2011-02-11 12:53:11.370,NULL,NULL,NULL,NULL,NULL,NULL,NULL,NULL,NULL
218,LPX US,Louisiana-Pacific Corp,236,236,NULL,236,236,NULL,32,NULL,15105010,100915,0,257,NULL,SecSetup,2011-02-11 12:53:12.723,NULL,NULL,NULL,NULL,NULL,NULL,NULL,NULL,NULL
219,ROZ CN,Rodinia Oil Corp,15,15,NULL,15,15,NULL,5,NULL,NULL,14657207,0,258,NULL,SecSetup,2011-02-11 12:53:13.190,NULL,NULL,NULL,NULL,NULL,NULL,NULL,NULL,NULL
220,MAS US,Masco Corp,236,236,NULL,236,236,NULL,32,NULL,20102010,100948,0,259,NULL,SecSetup,2011-02-14 16:40:09.770,NULL,NULL,NULL,NULL,NULL,NULL,NULL,NULL,NULL
221,R US,Ryder System Inc,236,236,NULL,236,236,NULL,32,NULL,20304020,101291,0,260,NULL,SecSetup,2011-02-14 16:40:11.020,NULL,NULL,NULL,NULL,NULL,NULL,NULL,NULL,NULL
222,NOK1V FH,Nokia OYJ,26,26,NULL,26,26,NULL,11,NULL,45201020,115790,0,261,NULL,SecSetup,2011-08-18 13:29:49.587,NULL,NULL,NULL,NULL,NULL,NULL,NULL,NULL,NULL
223,ILU.AX,ILU.AX,3,3,NULL,3,NULL,NULL,3,NULL,NULL,NULL,1,NULL,NULL,SecurityResolve,2011-02-18 09:55:31.890,NULL,NULL,NULL,NULL,NULL,NULL,NULL,NULL,NULL
224,ILU AU,Iluka Resources Ltd,3,3,NULL,3,3,NULL,3,NULL,15104020,113140,0,262,NULL,SecSetup,2011-02-18 09:55:37.730,NULL,NULL,NULL,NULL,NULL,NULL,NULL,NULL,NULL
225,TROX US,Tronox Inc/New,236,236,NULL,236,236,NULL,32,NULL,15101010,22597018,0,263,NULL,SecSetup,2011-02-18 09:55:38.190,NULL,NULL,NULL,NULL,NULL,NULL,NULL,NULL,NULL
226,NE US,Noble Corp,236,76,NULL,76,76,NULL,32,NULL,10101010,105641,0,NULL,,\tom,2011-06-20 13:06:06.000,NULL,NULL,NULL,NULL,NULL,NULL,NULL,NULL,NULL
227,6821Z US,Bain Capital LLC,236,236,NULL,236,236,NULL,32,NULL,NULL,319195,0,NULL,,\tom,2011-06-20 11:47:44.000,NULL,NULL,NULL,NULL,NULL,NULL,NULL,NULL,NULL
228,HANS US,Hansen Natural Corp,236,236,NULL,236,236,NULL,32,NULL,30201030,107538,0,268,NULL,SecSetup,2011-11-10 14:52:47.840,NULL,NULL,NULL,NULL,NULL,NULL,NULL,NULL,NULL
229,NKO CN,Niko Resources Ltd,15,15,NULL,15,15,NULL,5,NULL,10102020,110017,0,NULL,NULL,SecurityResove,2011-03-01 09:35:12.080,NULL,NULL,NULL,NULL,NULL,NULL,NULL,NULL,NULL
230,NXPI US,NXP Semiconductor NV,236,56,NULL,56,56,NULL,32,NULL,45301020,11109358,0,NULL,,\tom,2011-06-20 14:53:27.000,NULL,NULL,NULL,NULL,NULL,NULL,NULL,NULL,NULL
231,MMI US,Motorola Mobility Holdings Inc,236,236,NULL,236,236,NULL,32,NULL,45201020,14354900,0,271,NULL,SecSetup,2011-03-04 09:59:27.093,NULL,NULL,NULL,NULL,NULL,NULL,NULL,NULL,NULL
232,NVDA US,NVIDIA Corp,236,236,NULL,236,236,NULL,32,NULL,45301020,313657,0,272,NULL,SecSetup,2011-03-04 09:59:59.773,NULL,NULL,NULL,NULL,NULL,NULL,NULL,NULL,NULL
233,SBUX US,Starbucks Corp,236,236,NULL,236,236,NULL,32,NULL,25301040,106691,0,274,NULL,SecSetup,2011-03-10 09:30:09.667,NULL,NULL,NULL,NULL,NULL,NULL,NULL,NULL,NULL
234,BBVA SM,Banco Bilbao Vizcaya Argentari,73,73,NULL,73,73,NULL,11,NULL,40101010,100155,0,275,NULL,SecSetup,2011-03-10 12:18:24.927,NULL,NULL,NULL,NULL,NULL,NULL,NULL,NULL,NULL
235,KBC BB,KBC Groep NV,8,8,NULL,8,8,NULL,11,NULL,40101010,115719,0,276,NULL,SecSetup,2011-03-10 12:18:25.697,NULL,NULL,NULL,NULL,NULL,NULL,NULL,NULL,NULL
236,PPG US,PPG Industries Inc,236,236,NULL,236,236,NULL,32,NULL,15101020,101204,0,277,NULL,SecSetup,2011-03-10 12:18:26.873,NULL,NULL,NULL,NULL,NULL,NULL,NULL,NULL,NULL
237,HCA US,Hercules Holding II LLC,236,236,NULL,236,236,NULL,32,NULL,NULL,14656723,0,278,NULL,SecSetup,2011-03-10 14:08:06.793,NULL,NULL,NULL,NULL,NULL,NULL,NULL,NULL,NULL
238,BBV.MC,BBV.MC,199,199,NULL,199,NULL,NULL,11,NULL,NULL,NULL,1,NULL,NULL,SecurityResolve,2011-03-11 09:34:40.100,NULL,NULL,NULL,NULL,NULL,NULL,NULL,NULL,NULL
239,CPI LN,Capita Group PLC/The,84,84,NULL,84,84,NULL,14,NULL,20202010,111335,0,281,NULL,SecSetup,2011-03-11 10:25:44.093,NULL,NULL,NULL,NULL,NULL,NULL,NULL,NULL,NULL
240,ERICB SS,Telefonaktiebolaget LM Ericsso,75,75,NULL,75,75,NULL,27,NULL,45201020,115705,0,282,NULL,SecSetup,2011-03-11 10:25:45.547,NULL,NULL,NULL,NULL,NULL,NULL,NULL,NULL,NULL
241,RIM CN,Research In Motion Ltd,15,15,NULL,15,15,NULL,5,NULL,45201020,302821,0,284,NULL,SecSetup,2011-12-13 14:04:51.263,NULL,NULL,NULL,NULL,NULL,NULL,NULL,NULL,NULL
242,CAPTAG,CAPTAG,84,84,NULL,84,NULL,NULL,14,NULL,NULL,NULL,1,NULL,NULL,SecurityResolve,2011-03-14 09:58:26.563,NULL,NULL,NULL,NULL,NULL,NULL,NULL,NULL,NULL
243,AAPL US,Apple Inc,236,236,NULL,236,236,NULL,32,NULL,45202010,101695,0,287,NULL,SecSetup,2011-03-15 10:56:11.680,NULL,NULL,NULL,NULL,NULL,NULL,NULL,NULL,NULL
244,LDK US,LDK Solar Co Ltd,236,17,NULL,17,17,NULL,32,NULL,45301020,11948431,0,288,NULL,SecSetup,2011-03-16 14:21:27.180,NULL,NULL,NULL,NULL,NULL,NULL,NULL,NULL,NULL
245,BBY US,Best Buy Co Inc,236,236,NULL,236,236,NULL,32,NULL,25504020,100197,0,289,NULL,SecSetup,2011-03-16 14:41:37.137,NULL,NULL,NULL,NULL,NULL,NULL,NULL,NULL,NULL
246,SPLS US,Staples Inc,236,236,NULL,236,236,NULL,32,NULL,25504040,106973,0,290,NULL,SecSetup,2011-03-16 14:41:38.610,NULL,NULL,NULL,NULL,NULL,NULL,NULL,NULL,NULL
247,ZMH US,Zimmer Holdings Inc,236,236,NULL,236,236,NULL,32,NULL,35101010,1748630,0,291,NULL,SecSetup,2011-03-17 10:10:31.770,NULL,NULL,NULL,NULL,NULL,NULL,NULL,NULL,NULL
248,MHS US,Medco Health Solutions Inc,236,236,NULL,236,236,NULL,32,NULL,35102015,7717385,0,292,NULL,SecSetup,2011-03-17 10:20:36.293,NULL,NULL,NULL,NULL,NULL,NULL,NULL,NULL,NULL
249,ECL US,Ecolab Inc,236,236,NULL,236,236,NULL,32,NULL,15101050,100499,0,293,NULL,SecSetup,2011-03-17 13:52:18.537,NULL,NULL,NULL,NULL,NULL,NULL,NULL,NULL,NULL
250,PPO US,Polypore International Inc,236,236,NULL,236,236,NULL,32,NULL,20104010,8966554,0,294,NULL,SecSetup,2011-03-18 09:30:08.830,NULL,NULL,NULL,NULL,NULL,NULL,NULL,NULL,NULL
251,AUD FX,AUD FX,199,199,NULL,199,NULL,NULL,3,NULL,NULL,NULL,1,NULL,NULL,SecurityResolve,2011-03-18 10:09:10.500,NULL,NULL,NULL,NULL,NULL,NULL,NULL,NULL,NULL
252,BRL FX,BRL FX,199,199,NULL,199,NULL,NULL,35,NULL,NULL,NULL,1,NULL,NULL,SecurityResolve,2011-03-18 10:10:15.840,NULL,NULL,NULL,NULL,NULL,NULL,NULL,NULL,NULL
253,CAD FX,CAD FX,199,199,NULL,199,NULL,NULL,5,NULL,NULL,NULL,1,NULL,NULL,SecurityResolve,2011-03-18 10:10:20.653,NULL,NULL,NULL,NULL,NULL,NULL,NULL,NULL,NULL
254,CHF FX,CHF FX,199,199,NULL,199,NULL,NULL,6,NULL,NULL,NULL,1,NULL,NULL,SecurityResolve,2011-03-18 10:10:22.077,NULL,NULL,NULL,NULL,NULL,NULL,NULL,NULL,NULL
255,DKK FX,DKK FX,199,199,NULL,199,NULL,NULL,9,NULL,NULL,NULL,1,NULL,NULL,SecurityResolve,2011-03-18 10:10:23.133,NULL,NULL,NULL,NULL,NULL,NULL,NULL,NULL,NULL
256,EUR FX,EUR FX,199,199,NULL,199,NULL,NULL,11,NULL,NULL,NULL,1,NULL,NULL,SecurityResolve,2011-03-18 10:10:24.800,NULL,NULL,NULL,NULL,NULL,NULL,NULL,NULL,NULL
257,GBP FX,GBP FX,199,199,NULL,199,NULL,NULL,14,NULL,NULL,NULL,1,NULL,NULL,SecurityResolve,2011-03-18 10:10:26.063,NULL,NULL,NULL,NULL,NULL,NULL,NULL,NULL,NULL
258,HKD FX,HKD FX,199,199,NULL,199,NULL,NULL,16,NULL,NULL,NULL,1,NULL,NULL,SecurityResolve,2011-03-18 10:10:27.040,NULL,NULL,NULL,NULL,NULL,NULL,NULL,NULL,NULL
259,JPY FX,JPY FX,199,199,NULL,199,NULL,NULL,19,NULL,NULL,NULL,1,NULL,NULL,SecurityResolve,2011-03-18 10:10:28.040,NULL,NULL,NULL,NULL,NULL,NULL,NULL,NULL,NULL
260,KRW FX,KRW FX,199,199,NULL,199,NULL,NULL,20,NULL,NULL,NULL,1,NULL,NULL,SecurityResolve,2011-03-18 10:10:29.297,NULL,NULL,NULL,NULL,NULL,NULL,NULL,NULL,NULL
261,NOK FX,NOK FX,199,199,NULL,199,NULL,NULL,24,NULL,NULL,NULL,1,NULL,NULL,SecurityResolve,2011-03-18 10:10:30.500,NULL,NULL,NULL,NULL,NULL,NULL,NULL,NULL,NULL
262,SEK FX,SEK FX,199,199,NULL,199,NULL,NULL,27,NULL,NULL,NULL,1,NULL,NULL,SecurityResolve,2011-03-18 10:10:31.590,NULL,NULL,NULL,NULL,NULL,NULL,NULL,NULL,NULL
263,SGD FX,SGD FX,199,199,NULL,199,NULL,NULL,28,NULL,NULL,NULL,1,NULL,NULL,SecurityResolve,2011-03-18 10:10:32.777,NULL,NULL,NULL,NULL,NULL,NULL,NULL,NULL,NULL
264,USD,USD,199,199,NULL,199,NULL,NULL,32,NULL,NULL,NULL,1,NULL,NULL,SecurityResolve,2011-03-18 10:10:34.850,NULL,NULL,NULL,NULL,NULL,NULL,NULL,NULL,NULL
265,JASO US,JA Solar Holdings Co Ltd,236,17,NULL,17,17,NULL,32,NULL,45301020,11459917,0,354,NULL,SecSetup,2011-03-18 10:20:32.397,NULL,NULL,NULL,NULL,NULL,NULL,NULL,NULL,NULL
266,SPG US,Simon Property Group Inc,236,236,NULL,236,236,NULL,32,NULL,40402060,126551,0,355,NULL,SecSetup,2011-03-18 10:20:34.807,NULL,NULL,NULL,NULL,NULL,NULL,NULL,NULL,NULL
267,STP US,Suntech Power Holdings Co Ltd,236,17,NULL,17,17,NULL,32,NULL,45301020,10107936,0,386,NULL,SecSetup,2011-03-18 10:30:38.163,NULL,NULL,NULL,NULL,NULL,NULL,NULL,NULL,NULL
268,BSX US,Boston Scientific Corp,236,236,NULL,236,236,NULL,32,NULL,35101010,100218,0,397,NULL,SecSetup,2011-03-22 09:30:21.713,NULL,NULL,NULL,NULL,NULL,NULL,NULL,NULL,NULL
269,AAN US,Aaron's Inc,236,236,NULL,236,236,NULL,32,NULL,25504060,102188,0,405,NULL,SecSetup,2011-03-23 15:02:50.967,NULL,NULL,NULL,NULL,NULL,NULL,NULL,NULL,NULL
270,ALGT US,Allegiant Travel Co,236,236,NULL,236,236,NULL,32,NULL,20302010,10782954,0,406,NULL,SecSetup,2011-03-23 15:02:52.230,NULL,NULL,NULL,NULL,NULL,NULL,NULL,NULL,NULL
271,CVS US,CVS Caremark Corp,236,236,NULL,236,236,NULL,32,NULL,30101010,100976,0,407,NULL,SecSetup,2011-03-24 09:30:18.320,NULL,NULL,NULL,NULL,NULL,NULL,NULL,NULL,NULL
272,SREV US,ServiceSource International LL,236,236,NULL,236,236,NULL,32,NULL,NULL,15414920,0,426,NULL,SecSetup,2011-03-25 09:30:08.480,NULL,NULL,NULL,NULL,NULL,NULL,NULL,NULL,NULL
273,QIHU US,Qihoo 360 Technology Co Ltd,236,17,NULL,17,17,NULL,32,NULL,45101010,17857506,0,429,NULL,SecSetup,2011-03-30 09:30:05.380,NULL,NULL,NULL,NULL,NULL,NULL,NULL,NULL,NULL
274,DLB US,Dolby Laboratories Inc,236,236,NULL,236,236,NULL,32,NULL,45203015,916504,0,436,NULL,SecSetup,2011-04-01 09:30:17.897,NULL,NULL,NULL,NULL,NULL,NULL,NULL,NULL,NULL
275,INTC US,Intel Corp,236,236,NULL,236,236,NULL,32,NULL,45301020,101729,0,439,NULL,SecSetup,2011-04-01 15:13:18.973,NULL,NULL,NULL,NULL,NULL,NULL,NULL,NULL,NULL
276,ILBONV,ILBONV,199,199,NULL,199,NULL,NULL,11,NULL,NULL,NULL,1,NULL,NULL,SecurityResolve,2011-04-04 10:40:22.140,NULL,NULL,NULL,NULL,NULL,NULL,NULL,NULL,NULL
277,JEF US,Jefferies Group Inc,236,236,NULL,236,236,NULL,32,NULL,40203020,823505,0,446,NULL,SecSetup,2011-12-02 13:12:36.397,NULL,NULL,NULL,NULL,NULL,NULL,NULL,NULL,NULL
278,3385950Z LX,CVC Capital Partners Group SAR,46,46,NULL,46,46,NULL,11,NULL,NULL,15501243,0,448,NULL,SecSetup,2011-04-08 09:40:17.357,NULL,NULL,NULL,NULL,NULL,NULL,NULL,NULL,NULL
279,MAC US,Macerich Co/The,236,236,NULL,236,236,NULL,32,NULL,40402060,126353,0,463,NULL,SecSetup,2011-04-12 11:31:15.203,NULL,NULL,NULL,NULL,NULL,NULL,NULL,NULL,NULL
280,SLGN US,Silgan Holdings Inc,236,236,NULL,236,236,NULL,32,NULL,15103010,159323,0,464,NULL,SecSetup,2011-04-13 09:40:15.917,NULL,NULL,NULL,NULL,NULL,NULL,NULL,NULL,NULL
281,BX US,Blackstone Group LP,236,236,NULL,236,236,NULL,32,NULL,40203010,302892,0,466,NULL,SecSetup,2011-04-13 10:40:47.680,NULL,NULL,NULL,NULL,NULL,NULL,NULL,NULL,NULL
282,ARCO US,Los Laureles Ltd,236,2,NULL,2,2,NULL,32,NULL,25301040,24338184,0,469,NULL,SecSetup,2011-04-14 09:30:11.097,NULL,NULL,NULL,NULL,NULL,NULL,NULL,NULL,NULL
283,SODA US,SodaStream International Ltd,236,36,NULL,36,36,NULL,32,NULL,25201040,21133320,0,470,NULL,SecSetup,2011-04-14 09:30:11.817,NULL,NULL,NULL,NULL,NULL,NULL,NULL,NULL,NULL
284,ZIP US,Zipcar Inc,236,236,NULL,236,236,NULL,32,NULL,20304020,9453959,0,471,NULL,SecSetup,2011-04-14 09:30:12.283,NULL,NULL,NULL,NULL,NULL,NULL,NULL,NULL,NULL
285,CHKP US,Check Point Software Technolog,236,36,NULL,36,36,NULL,32,NULL,45103020,171922,0,472,NULL,SecSetup,2011-04-14 10:50:52.770,NULL,NULL,NULL,NULL,NULL,NULL,NULL,NULL,NULL
286,GGP LP ESCROW 3.98 1,GGP LP ESCROW 3.98 1,236,236,NULL,236,NULL,NULL,32,NULL,NULL,NULL,1,NULL,NULL,SecurityResolve,2011-04-15 18:11:02.597,NULL,NULL,NULL,NULL,NULL,NULL,NULL,NULL,NULL
287,IGT US,International Game Technology,236,236,NULL,236,236,NULL,32,NULL,25301010,100804,0,478,NULL,SecSetup,2011-04-18 09:30:22.017,NULL,NULL,NULL,NULL,NULL,NULL,NULL,NULL,NULL
288,STX US,Seagate Technology PLC,236,35,NULL,35,35,NULL,32,NULL,45202020,1749108,0,485,NULL,SecSetup,2011-04-19 09:30:23.790,NULL,NULL,NULL,NULL,NULL,NULL,NULL,NULL,NULL
289,WDC US,Western Digital Corp,236,236,NULL,236,236,NULL,32,NULL,45202020,101643,0,486,NULL,SecSetup,2011-04-19 09:30:25.337,NULL,NULL,NULL,NULL,NULL,NULL,NULL,NULL,NULL
290,POP SM,Banco Popular Espanol SA,73,73,NULL,73,73,NULL,11,NULL,40101010,115712,0,505,NULL,SecSetup,2011-06-27 16:28:04.680,NULL,NULL,NULL,NULL,NULL,NULL,NULL,NULL,NULL
291,SAB SM,Banco de Sabadell SA,73,73,NULL,73,73,NULL,11,NULL,40101010,233612,0,506,NULL,SecSetup,2011-04-20 11:21:14.067,NULL,NULL,NULL,NULL,NULL,NULL,NULL,NULL,NULL
292,BNCSBD,BNCSBD,199,199,NULL,199,NULL,NULL,11,NULL,NULL,NULL,1,NULL,NULL,SecurityResolve,2011-04-21 09:33:22.573,NULL,NULL,NULL,NULL,NULL,NULL,NULL,NULL,NULL
293,BNPPES,BNPPES,199,199,NULL,199,NULL,NULL,11,NULL,NULL,NULL,1,NULL,NULL,SecurityResolve,2011-04-21 09:33:22.900,NULL,NULL,NULL,NULL,NULL,NULL,NULL,NULL,NULL
294,USD FX,USD FX,199,199,NULL,199,NULL,NULL,32,NULL,NULL,NULL,1,NULL,NULL,SecurityResolve,2011-04-21 09:33:23.623,NULL,NULL,NULL,NULL,NULL,NULL,NULL,NULL,NULL
295,VNET US,21Vianet Group Inc,236,17,NULL,17,17,NULL,32,NULL,NULL,24346870,0,530,NULL,SecSetup,2011-04-21 11:11:10.177,NULL,NULL,NULL,NULL,NULL,NULL,NULL,NULL,NULL
296,MYGN US,Myriad Genetics Inc,236,236,NULL,236,236,NULL,32,NULL,35201010,179116,0,531,NULL,SecSetup,2011-04-21 14:32:56.853,NULL,NULL,NULL,NULL,NULL,NULL,NULL,NULL,NULL
297,DEXB BB,Dexia SA,8,8,NULL,8,8,NULL,11,NULL,40101010,198933,0,NULL,,\tom,2011-06-21 14:30:51.000,NULL,NULL,NULL,NULL,NULL,NULL,NULL,NULL,NULL
298,AET US,Aetna Inc,236,236,NULL,236,236,NULL,32,NULL,35102030,340068,0,533,NULL,SecSetup,2011-04-26 09:40:28.700,NULL,NULL,NULL,NULL,NULL,NULL,NULL,NULL,NULL
299,WCG US,WellCare Health Plans Inc,236,236,NULL,236,236,NULL,32,NULL,35102030,959663,0,534,NULL,SecSetup,2011-04-26 09:40:30.203,NULL,NULL,NULL,NULL,NULL,NULL,NULL,NULL,NULL
300,PCLN US,priceline.com Inc,236,236,NULL,236,236,NULL,32,NULL,25502020,386346,0,555,NULL,SecSetup,2011-05-02 09:30:19.167,NULL,NULL,NULL,NULL,NULL,NULL,NULL,NULL,NULL
301,OPEN US,OpenTable Inc,236,236,NULL,236,236,NULL,32,NULL,45101010,15609853,0,565,NULL,SecSetup,2011-05-03 11:21:07.030,NULL,NULL,NULL,NULL,NULL,NULL,NULL,NULL,NULL
302,RENRENZ CH,Renren Inc,17,17,NULL,17,17,NULL,36,NULL,45101010,24907971,0,567,NULL,SecSetup,2011-05-04 09:30:14.647,NULL,NULL,NULL,NULL,NULL,NULL,NULL,NULL,NULL
303,RPXC US,RPX Corp,236,236,NULL,236,236,NULL,32,NULL,20202020,18084905,0,568,NULL,SecSetup,2011-05-04 09:30:15.180,NULL,NULL,NULL,NULL,NULL,NULL,NULL,NULL,NULL
304,BKU US,BankUnited Inc,236,236,NULL,236,236,NULL,32,NULL,40102010,16856753,0,569,NULL,rahul,2011-05-04 17:20:43.693,NULL,NULL,NULL,NULL,NULL,NULL,NULL,NULL,NULL
305,CVI,CVR Energy,NULL,NULL,236,NULL,NULL,32,NULL,NULL,NULL,NULL,1,NULL,NULL,rahul,2011-08-17 10:37:44.773,NULL,NULL,NULL,NULL,NULL,NULL,NULL,NULL,NULL
306,KMI US,Kinder Morgan Inc/Delaware,236,236,NULL,236,236,NULL,32,NULL,10102040,18302043,0,585,NULL,rahul,2011-05-05 13:59:49.533,NULL,NULL,NULL,NULL,NULL,NULL,NULL,NULL,NULL
307,DGX US,Quest Diagnostics Inc/DE,236,236,NULL,236,236,NULL,32,NULL,35102015,202508,0,586,NULL,rahul,2011-05-05 14:04:00.240,NULL,NULL,NULL,NULL,NULL,NULL,NULL,NULL,NULL
308,MET US,MetLife Inc,236,236,NULL,236,236,NULL,32,NULL,40301020,1175223,0,587,NULL,rahul,2011-05-05 14:39:35.610,NULL,NULL,NULL,NULL,NULL,NULL,NULL,NULL,NULL
309,FTO US,Frontier Oil Corp,236,236,NULL,236,236,NULL,32,NULL,10102030,101615,0,588,NULL,SecSetup,2011-05-05 15:33:07.620,NULL,NULL,NULL,NULL,NULL,NULL,NULL,NULL,NULL
310,TSO US,Tesoro Corp,236,236,NULL,236,236,NULL,32,NULL,10102030,101457,0,589,NULL,SecSetup,2011-05-05 15:33:12.307,NULL,NULL,NULL,NULL,NULL,NULL,NULL,NULL,NULL
311,VLO US,Valero Energy Corp,236,236,NULL,236,236,NULL,32,NULL,10102030,225906,0,590,NULL,SecSetup,2011-05-05 15:33:25.230,NULL,NULL,NULL,NULL,NULL,NULL,NULL,NULL,NULL
312,HOG US,Harley-Davidson Inc,236,236,NULL,236,236,NULL,32,NULL,25102020,100707,0,604,NULL,SecSetup,2011-05-06 09:30:15.320,NULL,NULL,NULL,NULL,NULL,NULL,NULL,NULL,NULL
313,WTW US,Artal Group SA,236,236,NULL,236,236,NULL,32,NULL,25302020,1158879,0,605,NULL,SecSetup,2011-05-06 13:22:13.330,NULL,NULL,NULL,NULL,NULL,NULL,NULL,NULL,NULL
314,DATE US,Jiayuan.com International Ltd,236,17,NULL,17,17,NULL,32,NULL,NULL,25124633,0,613,NULL,SecSetup,2011-05-11 11:10:47.510,NULL,NULL,NULL,NULL,NULL,NULL,NULL,NULL,NULL
315,FFN US,FriendFinder Networks Inc,236,236,NULL,236,236,NULL,32,NULL,45101010,15501335,0,614,NULL,SecSetup,2011-05-11 14:42:32.120,NULL,NULL,NULL,NULL,NULL,NULL,NULL,NULL,NULL
316,SPXT,S&P 500 Total Return,NULL,NULL,NULL,236,236,NULL,32,NULL,NULL,NULL,0,621,NULL,rahul,2011-05-12 18:30:12.140,NULL,NULL,NULL,NULL,NULL,NULL,NULL,NULL,NULL
317,IWM US,BlackRock Inc,236,236,NULL,236,236,NULL,32,NULL,NULL,963246,0,629,NULL,SecSetup,2011-05-16 09:32:41.400,NULL,NULL,NULL,NULL,NULL,NULL,NULL,NULL,NULL
318,BAC US,Bank of America Corp,236,236,NULL,236,236,NULL,32,NULL,40201020,101032,0,633,NULL,SecSetup,2011-05-17 11:10:54.357,NULL,NULL,NULL,NULL,NULL,NULL,NULL,NULL,NULL
319,MASI US,Masimo Corp,236,236,NULL,236,236,NULL,32,NULL,35101010,194140,0,636,NULL,SecSetup,2011-05-18 09:30:35.153,NULL,NULL,NULL,NULL,NULL,NULL,NULL,NULL,NULL
320,NXTM US,NxStage Medical Inc,236,236,NULL,236,236,NULL,32,NULL,35101010,9889373,0,637,NULL,SecSetup,2011-05-18 09:30:45.040,NULL,NULL,NULL,NULL,NULL,NULL,NULL,NULL,NULL
321,HUM US,Humana Inc,236,236,NULL,236,236,NULL,32,NULL,35102030,100767,0,638,NULL,SecSetup,2011-05-18 13:02:37.400,NULL,NULL,NULL,NULL,NULL,NULL,NULL,NULL,NULL
322,VPRT US,VistaPrint NV,236,56,NULL,56,56,NULL,32,NULL,45101010,9822540,0,639,NULL,SecSetup,2011-05-18 13:22:46.443,NULL,NULL,NULL,NULL,NULL,NULL,NULL,NULL,NULL
323,3167600Z SW,Glencore Holding AG,76,76,NULL,76,76,NULL,6,NULL,NULL,15511561,0,647,NULL,rahul,2011-05-19 17:10:30.920,NULL,NULL,NULL,NULL,NULL,NULL,NULL,NULL,NULL
324,LNKD US,LinkedIn Corp,236,236,NULL,236,236,NULL,32,NULL,45101010,9224507,0,648,NULL,SecSetup,2011-05-19 09:30:13.943,NULL,NULL,NULL,NULL,NULL,NULL,NULL,NULL,NULL
325,GME US,GameStop Corp,236,236,NULL,236,236,NULL,32,NULL,25504020,1752909,0,649,NULL,SecSetup,2011-05-19 09:50:23.413,NULL,NULL,NULL,NULL,NULL,NULL,NULL,NULL,NULL
326,3091Z US,Cargill Inc,236,236,NULL,236,236,NULL,32,NULL,NULL,136991,0,652,NULL,SecSetup,2011-05-20 09:30:12.610,NULL,NULL,NULL,NULL,NULL,NULL,NULL,NULL,NULL
327,COREGL,COREGL,84,84,NULL,84,NULL,NULL,14,NULL,NULL,NULL,1,NULL,NULL,SecurityResolve,2011-05-20 10:33:55.250,NULL,NULL,NULL,NULL,NULL,NULL,NULL,NULL,NULL
328,BIG US,Big Lots Inc,236,236,NULL,236,236,NULL,32,NULL,25503020,100386,0,653,NULL,SecSetup,2011-05-23 09:30:23.203,NULL,NULL,NULL,NULL,NULL,NULL,NULL,NULL,NULL
329,KR US,Kroger Co/The,236,236,NULL,236,236,NULL,32,NULL,30101030,100864,0,654,NULL,SecSetup,2011-05-24 09:30:28.367,NULL,NULL,NULL,NULL,NULL,NULL,NULL,NULL,NULL
330,SOLR US,GT Solar International Inc,236,236,NULL,236,236,NULL,32,NULL,45301010,11233264,0,655,NULL,SecSetup,2011-05-24 09:30:29.883,NULL,NULL,NULL,NULL,NULL,NULL,NULL,NULL,NULL
331,YNDX US,Yandex NV,236,56,NULL,56,56,NULL,32,NULL,45101010,20597887,0,656,NULL,SecSetup,2011-05-24 09:30:30.493,NULL,NULL,NULL,NULL,NULL,NULL,NULL,NULL,NULL
332,GRF SM,Grifols SA,73,73,NULL,73,73,NULL,11,NULL,35201010,10550128,0,662,NULL,rahul,2011-05-26 17:06:41.397,NULL,NULL,NULL,NULL,NULL,NULL,NULL,NULL,NULL
333,PRBTSP,PRBTSP,199,199,NULL,199,NULL,NULL,11,NULL,NULL,NULL,1,NULL,NULL,SecurityResolve,2011-05-27 12:56:47.337,NULL,NULL,NULL,NULL,NULL,NULL,NULL,NULL,NULL
334,GE US,General Electric Co,236,236,NULL,236,236,NULL,32,NULL,20105010,100632,0,683,NULL,SecSetup,2011-06-01 15:32:50.420,NULL,NULL,NULL,NULL,NULL,NULL,NULL,NULL,NULL
335,SVU US,SUPERVALU Inc,236,236,NULL,236,236,NULL,32,NULL,30101030,101426,0,684,NULL,SecSetup,2011-06-02 10:00:36.217,NULL,NULL,NULL,NULL,NULL,NULL,NULL,NULL,NULL
336,PAYX US,Paychex Inc,236,236,NULL,236,236,NULL,32,NULL,45102020,105995,0,685,NULL,SecSetup,2011-06-02 11:31:05.783,NULL,NULL,NULL,NULL,NULL,NULL,NULL,NULL,NULL
337,AMT US,American Tower Corp,236,236,NULL,236,236,NULL,32,NULL,50102010,210870,0,688,NULL,SecSetup,2011-06-03 09:30:21.663,NULL,NULL,NULL,NULL,NULL,NULL,NULL,NULL,NULL
338,PNDORA DC,Prometheus Invest ApS,22,22,NULL,22,22,NULL,9,NULL,25203010,24244364,0,689,NULL,SecSetup,2011-06-03 14:11:59.907,NULL,NULL,NULL,NULL,NULL,NULL,NULL,NULL,NULL
339,ITUB4 BZ,Itau Unibanco Holding SA,11,11,NULL,11,11,NULL,35,NULL,40101010,136112,0,691,NULL,SecSetup,2011-06-06 15:13:19.600,NULL,NULL,NULL,NULL,NULL,NULL,NULL,NULL,NULL
340,FIO US,Fusion-io Inc,236,236,NULL,236,236,NULL,32,NULL,45202020,16555098,0,698,NULL,SecSetup,2011-06-09 09:30:09.460,NULL,NULL,NULL,NULL,NULL,NULL,NULL,NULL,NULL
341,1910 HK,Samsonite International SA,30,236,NULL,236,236,NULL,16,NULL,NULL,25492349,0,738,NULL,SecSetup,2011-06-13 09:30:12.743,NULL,NULL,NULL,NULL,NULL,NULL,NULL,NULL,NULL
342,SLB US,Schlumberger Ltd,236,236,NULL,236,236,NULL,32,NULL,10101020,101318,0,739,NULL,SecSetup,2011-06-14 09:30:11.013,NULL,NULL,NULL,NULL,NULL,NULL,NULL,NULL,NULL
343,BBDC4 BZ,Banco Bradesco SA,11,11,NULL,11,11,NULL,35,NULL,40101010,136108,0,743,NULL,SecSetup,2011-06-14 13:52:29.483,NULL,NULL,NULL,NULL,NULL,NULL,NULL,NULL,NULL
344,808723Z US,GGV Capital,236,236,NULL,236,236,NULL,32,NULL,NULL,8565311,0,745,NULL,SecSetup,2011-06-15 09:30:29.357,NULL,NULL,NULL,NULL,NULL,NULL,NULL,NULL,NULL
345,IDR SM,Indra Sistemas SA,73,73,NULL,73,73,NULL,11,NULL,45102010,127061,0,748,NULL,SecSetup,2011-06-16 09:30:12.510,NULL,NULL,NULL,NULL,NULL,NULL,NULL,NULL,NULL
346,INSSF,INSSF,199,199,NULL,199,NULL,NULL,11,NULL,NULL,NULL,1,NULL,NULL,SecurityResolve,2011-06-17 09:40:36.480,NULL,NULL,NULL,NULL,NULL,NULL,NULL,NULL,NULL
347,RGC US,Regal Entertainment Group,236,236,NULL,236,236,NULL,32,NULL,25401030,1757857,0,779,NULL,SecSetup,2011-06-17 10:30:50.683,NULL,NULL,NULL,NULL,NULL,NULL,NULL,NULL,NULL
348,HOPCM,Hoplite Capital Management LLC,NULL,NULL,NULL,NULL,NULL,NULL,NULL,NULL,NULL,,1,NULL,Security used to adjust P&L on positions that do not have an opening and closing position.,\tom,2011-06-17 19:10:26.000,NULL,NULL,NULL,NULL,NULL,NULL,NULL,NULL,NULL
349,SIG US,Signet Jewelers Ltd,236,9,NULL,9,9,NULL,32,NULL,25504040,112150,0,NULL,NULL,SecurityResove,2011-06-21 13:11:05.323,NULL,NULL,NULL,NULL,NULL,NULL,NULL,NULL,NULL
350,KMX US,CarMax Inc,236,236,NULL,236,236,NULL,32,NULL,25504050,1758361,0,800,NULL,SecSetup,2011-06-22 11:01:07.477,NULL,NULL,NULL,NULL,NULL,NULL,NULL,NULL,NULL
351,7974 JP,Nintendo Co Ltd,39,39,NULL,39,39,NULL,19,NULL,45103030,114322,0,818,NULL,SecSetup,2011-06-24 09:30:19.760,NULL,NULL,NULL,NULL,NULL,NULL,NULL,NULL,NULL
352,DCHOSB,DCHOSB,199,199,NULL,199,NULL,NULL,11,NULL,NULL,NULL,1,NULL,NULL,SecurityResolve,2011-06-28 06:13:11.100,NULL,NULL,NULL,NULL,NULL,NULL,NULL,NULL,NULL
353,AWAY US,HomeAway Inc,236,236,NULL,236,236,NULL,32,NULL,25502020,11483094,0,827,NULL,SecSetup,2011-06-29 09:00:18.110,NULL,NULL,NULL,NULL,NULL,NULL,NULL,NULL,NULL
354,TECN3 BZ,Technos SA,11,11,NULL,11,11,NULL,35,NULL,NULL,25516579,0,828,NULL,tom,2011-06-29 15:26:27.120,NULL,NULL,NULL,NULL,NULL,NULL,NULL,NULL,NULL
355,TECN3,TECN3,11,11,NULL,11,NULL,NULL,35,NULL,NULL,NULL,1,NULL,NULL,SecurityResolve,2011-06-30 07:25:07.583,NULL,NULL,NULL,NULL,NULL,NULL,NULL,NULL,NULL
356,4529817Z AV,Raiffeisen Landesbanken Holdin,4,4,NULL,4,4,NULL,11,NULL,NULL,20374642,0,845,NULL,SecSetup,2011-07-06 09:05:26.937,NULL,NULL,NULL,NULL,NULL,NULL,NULL,NULL,NULL
357,BKT SM,Bankinter SA,73,73,NULL,73,73,NULL,11,NULL,40101010,127039,0,848,NULL,SecSetup,2011-09-12 11:58:09.133,NULL,NULL,NULL,NULL,NULL,NULL,NULL,NULL,NULL
358,SAN SM,Banco Santander SA,73,73,NULL,73,73,NULL,11,NULL,40101010,100158,0,850,NULL,SecSetup,2011-08-05 12:49:03.943,NULL,NULL,NULL,NULL,NULL,NULL,NULL,NULL,NULL
359,6808 HK,Sun Art Retail Group Ltd,30,17,NULL,17,17,NULL,16,NULL,NULL,25640549,0,852,NULL,SecSetup,2011-07-08 10:21:43.260,NULL,NULL,NULL,NULL,NULL,NULL,NULL,NULL,NULL
360,SPY US,State Street Corp,236,236,NULL,236,236,NULL,32,NULL,NULL,107032,0,854,NULL,SecSetup,2011-10-12 11:20:05.110,NULL,NULL,NULL,NULL,NULL,NULL,NULL,NULL,NULL
361,LBTYA US,Liberty Global Inc,236,236,NULL,236,236,NULL,32,NULL,25401025,9844467,0,858,NULL,SecSetup,2011-07-12 09:00:11.440,NULL,NULL,NULL,NULL,NULL,NULL,NULL,NULL,NULL
362,CS FP,AXA SA,27,27,NULL,27,27,NULL,11,NULL,40301030,115239,0,859,NULL,SecSetup,2011-07-12 16:32:44.860,NULL,NULL,NULL,NULL,NULL,NULL,NULL,NULL,NULL
363,ARL GR,Aareal Bank AG,28,28,NULL,28,28,NULL,11,NULL,40102010,180796,0,889,NULL,jeff,2011-07-19 09:54:58.297,NULL,NULL,NULL,NULL,NULL,NULL,NULL,NULL,NULL
364,Z US,Zillow Inc,236,236,NULL,236,236,NULL,32,NULL,45101010,19571362,0,891,NULL,SecSetup,2011-07-20 09:20:27.237,NULL,NULL,NULL,NULL,NULL,NULL,NULL,NULL,NULL
365,WAG US,Walgreen Co,236,236,NULL,236,236,NULL,32,NULL,30101010,101617,0,898,NULL,SecSetup,2011-07-21 09:00:12.320,NULL,NULL,NULL,NULL,NULL,NULL,NULL,NULL,NULL
366,FRAN US,Francesca's Holdings Corp,236,236,NULL,236,236,NULL,32,NULL,25504010,18156232,0,901,NULL,SecSetup,2011-07-22 09:20:29.177,NULL,NULL,NULL,NULL,NULL,NULL,NULL,NULL,NULL
367,813 HK,Shimao Property Holdings Ltd,30,17,NULL,17,17,NULL,16,NULL,40403030,10808250,0,924,NULL,SecSetup,2011-07-25 09:00:14.513,NULL,NULL,NULL,NULL,NULL,NULL,NULL,NULL,NULL
368,CNR CN,Canadian National Railway Co,15,15,NULL,15,15,NULL,5,NULL,20304010,179551,0,926,NULL,SecSetup,2011-07-26 09:56:08.207,NULL,NULL,NULL,NULL,NULL,NULL,NULL,NULL,NULL
369,TNGO US,Tangoe Inc,236,236,NULL,236,236,NULL,32,NULL,45103010,12153176,0,937,NULL,SecSetup,2011-07-27 09:00:12.550,NULL,NULL,NULL,NULL,NULL,NULL,NULL,NULL,NULL
370,DNKN US,Dunkin' Brands Group Inc,236,236,NULL,236,236,NULL,32,NULL,25301040,25184513,0,939,NULL,SecSetup,2011-07-27 09:25:37.920,NULL,NULL,NULL,NULL,NULL,NULL,NULL,NULL,NULL
371,LHA GR,Deutsche Lufthansa AG,28,28,NULL,28,28,NULL,11,NULL,20302010,115728,0,940,NULL,rahul,2011-07-27 09:27:53.423,NULL,NULL,NULL,NULL,NULL,NULL,NULL,NULL,NULL
372,TEA US,Teavana Holdings Inc,236,236,NULL,236,236,NULL,32,NULL,25504040,25147552,0,943,NULL,SecSetup,2011-07-28 09:25:41.490,NULL,NULL,NULL,NULL,NULL,NULL,NULL,NULL,NULL
373,ITRI US,Itron Inc,236,236,NULL,236,236,NULL,32,NULL,45203010,126261,0,944,NULL,SecSetup,2011-07-28 10:00:20.423,NULL,NULL,NULL,NULL,NULL,NULL,NULL,NULL,NULL
374,20274Z US,Spectrum Equity Investors LP,236,236,NULL,236,236,NULL,32,NULL,NULL,1414554,0,946,NULL,SecSetup,2011-07-28 15:15:38.423,NULL,NULL,NULL,NULL,NULL,NULL,NULL,NULL,NULL
375,AAWW US,Atlas Air Worldwide Holdings I,236,236,NULL,236,236,NULL,32,NULL,20301010,9070261,1,949,,\rahul,2011-08-04 09:10:37.000,NULL,NULL,NULL,NULL,NULL,NULL,NULL,NULL,NULL
376,CJES US,C&J Energy Services Inc,236,236,NULL,236,236,NULL,32,NULL,10101020,23837026,0,950,NULL,SecSetup,2011-07-29 13:20:09.917,NULL,NULL,NULL,NULL,NULL,NULL,NULL,NULL,NULL
377,HCP US,HCP Inc,236,236,NULL,236,236,NULL,32,NULL,40402070,100720,0,951,NULL,SecSetup,2011-08-01 09:15:26.243,NULL,NULL,NULL,NULL,NULL,NULL,NULL,NULL,NULL
378,AIXA GR,Aixtron SE NA,28,28,NULL,28,28,NULL,11,NULL,45301010,307335,0,956,NULL,rahul,2011-08-02 10:19:45.297,NULL,NULL,NULL,NULL,NULL,NULL,NULL,NULL,NULL
379,4068781Z FP,Credit Agricole Groupe,27,27,NULL,27,27,NULL,11,NULL,NULL,20696265,0,968,NULL,SecSetup,2011-08-03 09:00:20.127,NULL,NULL,NULL,NULL,NULL,NULL,NULL,NULL,NULL
380,WBC AU,Westpac Banking Corp,3,3,NULL,3,3,NULL,3,NULL,40101010,101650,0,969,NULL,SecSetup,2011-08-03 09:00:22.173,NULL,NULL,NULL,NULL,NULL,NULL,NULL,NULL,NULL
381,WBC.AX,WBC.AX,3,3,NULL,3,NULL,NULL,3,NULL,NULL,NULL,1,NULL,NULL,SecurityResolve,2011-08-04 07:28:18.593,NULL,NULL,NULL,NULL,NULL,NULL,NULL,NULL,NULL
382,3800 HK,GCL-Poly Energy Holdings Ltd,30,30,NULL,30,30,NULL,16,NULL,45301010,13418917,0,984,NULL,SecSetup,2011-08-04 09:00:14.460,NULL,NULL,NULL,NULL,NULL,NULL,NULL,NULL,NULL
383,AKBNK TI,Akbank TAS,79,79,NULL,79,79,NULL,30,NULL,40101010,159576,0,985,NULL,SecSetup,2011-08-04 09:00:16.153,NULL,NULL,NULL,NULL,NULL,NULL,NULL,NULL,NULL
384,GARAN TI,Turkiye Garanti Bankasi AS,79,79,NULL,79,79,NULL,30,NULL,40101010,126333,0,986,NULL,SecSetup,2011-08-04 09:00:20.147,NULL,NULL,NULL,NULL,NULL,NULL,NULL,NULL,NULL
385,KSS US,Kohl's Corp,236,236,NULL,236,236,NULL,32,NULL,25503010,100862,0,987,NULL,SecSetup,2011-08-04 09:00:22.123,NULL,NULL,NULL,NULL,NULL,NULL,NULL,NULL,NULL
386,WN CN,George Weston Ltd,15,15,NULL,15,15,NULL,5,NULL,30101030,110955,0,989,NULL,SecSetup,2011-08-04 11:22:47.750,NULL,NULL,NULL,NULL,NULL,NULL,NULL,NULL,NULL
387,PSS US,Collective Brands Inc,236,236,NULL,236,236,NULL,32,NULL,25504010,171773,0,990,NULL,SecSetup,2011-08-04 14:41:03.583,NULL,NULL,NULL,NULL,NULL,NULL,NULL,NULL,NULL
388,VMC US,Vulcan Materials Co,236,236,NULL,236,236,NULL,32,NULL,15102010,101609,0,991,NULL,SecSetup,2011-08-04 14:51:13.847,NULL,NULL,NULL,NULL,NULL,NULL,NULL,NULL,NULL
389,NSC US,Norfolk Southern Corp,236,236,NULL,236,236,NULL,32,NULL,20304010,101078,0,992,NULL,SecSetup,2011-08-04 15:06:29.267,NULL,NULL,NULL,NULL,NULL,NULL,NULL,NULL,NULL
390,DELL US,Dell Inc,236,236,NULL,236,236,NULL,32,NULL,45202010,101718,0,993,NULL,SecSetup,2011-08-04 15:37:00.097,NULL,NULL,NULL,NULL,NULL,NULL,NULL,NULL,NULL
391,TRY FX,TRY FX,199,199,NULL,199,NULL,NULL,30,NULL,NULL,NULL,1,NULL,NULL,SecurityResolve,2011-08-05 07:33:53.190,NULL,NULL,NULL,NULL,NULL,NULL,NULL,NULL,NULL
392,693606Z TI,Koc Financial Services AS,79,79,NULL,79,79,NULL,30,NULL,NULL,7744286,0,1002,NULL,SecSetup,2011-08-05 09:00:15.220,NULL,NULL,NULL,NULL,NULL,NULL,NULL,NULL,NULL
393,SX5E,Euro Stoxx 50 Pr,NULL,NULL,NULL,135,135,NULL,11,NULL,NULL,NULL,0,1005,NULL,rahul,2011-08-05 16:04:28.673,NULL,NULL,NULL,NULL,NULL,NULL,NULL,NULL,NULL
399,PHIA NA,Koninklijke Philips Electronic,56,56,NULL,56,56,NULL,11,NULL,20105010,101173,0,1018,NULL,SecSetup,2011-08-08 09:25:37.597,NULL,NULL,NULL,NULL,NULL,NULL,NULL,NULL,NULL
400,ACN US,Accenture PLC,236,35,NULL,35,35,NULL,32,NULL,45102010,300787,0,1019,NULL,SecSetup,2011-08-08 09:30:44.560,NULL,NULL,NULL,NULL,NULL,NULL,NULL,NULL,NULL
401,LUK US,Leucadia National Corp,236,236,NULL,236,236,NULL,32,NULL,40201030,100889,0,1020,NULL,SecSetup,2011-08-08 15:41:57.167,NULL,NULL,NULL,NULL,NULL,NULL,NULL,NULL,NULL
402,6594 JP,Nidec Corp,39,39,NULL,39,39,NULL,19,NULL,20104010,114345,0,1030,NULL,SecSetup,2011-08-09 09:00:20.443,NULL,NULL,NULL,NULL,NULL,NULL,NULL,NULL,NULL
403,AAZST US,SuperMontage TEST,236,236,NULL,236,236,NULL,32,NULL,NULL,7783780,0,1032,NULL,SecSetup,2011-08-09 11:38:00.160,NULL,NULL,NULL,NULL,NULL,NULL,NULL,NULL,NULL
404,MGA CN,Mega Uranium Ltd,15,15,NULL,15,15,NULL,5,NULL,10102050,194306,0,1033,NULL,SecSetup,2011-08-09 11:43:04.713,NULL,NULL,NULL,NULL,NULL,NULL,NULL,NULL,NULL
405,MC FP,LVMH Moet Hennessy Louis Vuitt,27,27,NULL,27,27,NULL,11,NULL,25203010,115428,0,1041,NULL,SecSetup,2011-08-10 10:26:45.137,NULL,NULL,NULL,NULL,NULL,NULL,NULL,NULL,NULL
406,EAT US,Brinker International Inc,236,236,NULL,236,236,NULL,32,NULL,25301040,100224,0,1042,NULL,SecSetup,2011-08-10 15:36:54.537,NULL,NULL,NULL,NULL,NULL,NULL,NULL,NULL,NULL
407,NAB AU,National Australia Bank Ltd,3,3,NULL,3,3,NULL,3,NULL,40101010,101034,0,1044,NULL,SecSetup,2011-08-11 09:00:27.483,NULL,NULL,NULL,NULL,NULL,NULL,NULL,NULL,NULL
408,OTP HB,OTP Bank PLC,31,31,NULL,31,31,NULL,41,NULL,40101010,178681,0,1046,NULL,SecSetup,2011-08-11 09:00:31.577,NULL,NULL,NULL,NULL,NULL,NULL,NULL,NULL,NULL
409,BNP FP,BNP Paribas SA,27,27,NULL,27,27,NULL,11,NULL,40101010,115245,0,1047,NULL,SecSetup,2011-08-11 11:02:34.900,NULL,NULL,NULL,NULL,NULL,NULL,NULL,NULL,NULL
410,CSX US,CSX Corp,236,236,NULL,236,236,NULL,32,NULL,20304010,100415,0,1056,NULL,SecSetup,2011-08-11 11:17:52.883,NULL,NULL,NULL,NULL,NULL,NULL,NULL,NULL,NULL
411,SX7E INDEX,SX7E INDEX,135,135,NULL,135,135,NULL,11,NULL,NULL,NULL,1,NULL,NULL,SecurityResolve,2011-08-11 13:40:15.383,NULL,NULL,NULL,NULL,NULL,NULL,NULL,NULL,NULL
412,NAB.AX,NAB.AX,3,3,NULL,3,NULL,NULL,3,NULL,NULL,NULL,1,NULL,NULL,SecurityResolve,2011-08-12 06:00:27.710,NULL,NULL,NULL,NULL,NULL,NULL,NULL,NULL,NULL
413,HUF FX,HUF FX,199,199,NULL,199,NULL,NULL,41,NULL,NULL,NULL,1,NULL,NULL,SecurityResolve,2011-08-12 06:00:28.320,NULL,NULL,NULL,NULL,NULL,NULL,NULL,NULL,NULL
414,7203 JP,Toyota Motor Corp,39,39,NULL,39,39,NULL,19,NULL,25102010,115114,0,1078,NULL,SecSetup,2011-08-12 09:00:24.383,NULL,NULL,NULL,NULL,NULL,NULL,NULL,NULL,NULL
415,SX7E,SX7E,135,135,NULL,135,135,NULL,11,NULL,NULL,NULL,1,1057,NULL,SecSetup,2011-12-02 13:04:15.313,NULL,NULL,NULL,NULL,NULL,NULL,NULL,NULL,NULL
416,SX7E.ZRHR,SX7E.ZRHR,135,135,NULL,135,135,NULL,11,NULL,NULL,NULL,1,NULL,NULL,SecurityResolve,2011-08-15 06:00:31.460,NULL,NULL,NULL,NULL,NULL,NULL,NULL,NULL,NULL
417,GOOG US,Google Inc,236,236,NULL,236,236,NULL,32,NULL,45101010,861196,0,1091,NULL,SecSetup,2011-08-15 09:00:13.070,NULL,NULL,NULL,NULL,NULL,NULL,NULL,NULL,NULL
418,CTSH US,Cognizant Technology Solutions,236,236,NULL,236,236,NULL,32,NULL,45102010,313862,0,1115,NULL,SecSetup,2011-08-18 09:30:52.187,NULL,NULL,NULL,NULL,NULL,NULL,NULL,NULL,NULL
419,NWSA US,News Corp,236,236,NULL,236,236,NULL,32,NULL,25401030,101069,0,1143,NULL,SecSetup,2011-08-23 10:36:50.953,NULL,NULL,NULL,NULL,NULL,NULL,NULL,NULL,NULL
420,VOD LN,Vodafone Group PLC,84,84,NULL,84,84,NULL,14,NULL,50102010,101605,0,1182,NULL,SecSetup,2011-09-01 11:42:49.197,NULL,NULL,NULL,NULL,NULL,NULL,NULL,NULL,NULL
421,DCSOCD,DCSOCD,199,199,NULL,199,NULL,NULL,11,NULL,NULL,NULL,1,NULL,NULL,SecurityResolve,2011-09-12 06:00:45.020,NULL,NULL,NULL,NULL,NULL,NULL,NULL,NULL,NULL
422,GLE FP,Societe Generale SA,27,27,NULL,27,27,NULL,11,NULL,40101010,115510,0,1246,NULL,Marty,2011-09-15 09:13:40.530,NULL,NULL,NULL,NULL,NULL,NULL,NULL,NULL,NULL
423,BELGIUM CDS,Kingdom of Belgium CDS,8,8,NULL,8,8,NULL,11,NULL,NULL,NULL,1,NULL,NULL,rahul,2011-09-16 06:37:17.327,NULL,NULL,NULL,NULL,NULL,NULL,NULL,NULL,NULL
424,BRAZIL CDS,Federative Republic of Brazil CDS,11,11,NULL,11,11,NULL,35,NULL,NULL,NULL,1,NULL,NULL,rahul,2011-09-16 06:37:38.343,NULL,NULL,NULL,NULL,NULL,NULL,NULL,NULL,NULL
425,TURKEY CDS,Republic of Turkey CDS,79,79,NULL,79,79,NULL,30,NULL,NULL,NULL,1,NULL,NULL,rahul,2011-09-16 06:37:57.750,NULL,NULL,NULL,NULL,NULL,NULL,NULL,NULL,NULL
426,DHI US,DR Horton Inc,236,236,NULL,236,236,NULL,32,NULL,25201030,103445,0,1268,NULL,SecSetup,2011-09-19 11:47:21.053,NULL,NULL,NULL,NULL,NULL,NULL,NULL,NULL,NULL
427,RKT US,Rock-Tenn Co,236,236,NULL,236,236,NULL,32,NULL,15103020,129821,0,1269,NULL,SecSetup,2011-09-19 11:47:22.810,NULL,NULL,NULL,NULL,NULL,NULL,NULL,NULL,NULL
428,LEN US,Lennar Corp,236,236,NULL,236,236,NULL,32,NULL,25201030,100887,0,1284,NULL,Marty,2011-09-21 13:13:42.653,NULL,NULL,NULL,NULL,NULL,NULL,NULL,NULL,NULL
429,INFO IN,Infosys Ltd,34,34,NULL,34,34,NULL,17,NULL,45102010,174545,0,1294,NULL,Marty,2011-09-22 09:17:02.787,NULL,NULL,NULL,NULL,NULL,NULL,NULL,NULL,NULL
430,GDI US,Gardner Denver Inc,236,236,NULL,236,236,NULL,32,NULL,20106020,143135,1,1295,,\jeff,2011-09-23 11:59:39.000,NULL,NULL,NULL,NULL,NULL,NULL,NULL,NULL,NULL
431,AU/ LN,Autonomy Corp PLC,84,84,NULL,84,84,NULL,14,NULL,45103010,328369,0,1296,NULL,SecSetup,2011-09-22 11:30:40.447,NULL,NULL,NULL,NULL,NULL,NULL,NULL,NULL,NULL
432,CRR US,CARBO Ceramics Inc,236,236,NULL,236,236,NULL,32,NULL,10101020,171568,0,1298,NULL,Marty,2011-09-22 12:11:12.323,NULL,NULL,NULL,NULL,NULL,NULL,NULL,NULL,NULL
433,GFNORTEO MM,Grupo Financiero Banorte SAB d,48,48,NULL,48,48,NULL,21,NULL,40101010,154438,0,1299,NULL,SecSetup,2011-09-22 13:33:37.237,NULL,NULL,NULL,NULL,NULL,NULL,NULL,NULL,NULL
434,MXN FX,MXN FX,199,199,NULL,199,NULL,NULL,21,NULL,NULL,NULL,1,NULL,NULL,SecurityResolve,2011-09-23 06:00:28.973,NULL,NULL,NULL,NULL,NULL,NULL,NULL,NULL,NULL
435,SPR GR,Axel Springer AG,28,28,NULL,28,28,NULL,11,NULL,25401040,118438,0,1321,NULL,SecSetup,2011-09-23 08:14:58.930,NULL,NULL,NULL,NULL,NULL,NULL,NULL,NULL,NULL
436,2357 TT,Asustek Computer Inc,80,80,NULL,80,80,NULL,31,NULL,45202010,193775,0,1322,NULL,rahul,2011-09-26 08:11:33.317,NULL,NULL,NULL,NULL,NULL,NULL,NULL,NULL,NULL
437,TWD FX,TWD FX,199,199,NULL,199,NULL,NULL,31,NULL,NULL,NULL,1,NULL,NULL,SecurityResolve,2011-09-27 06:00:35.537,NULL,NULL,NULL,NULL,NULL,NULL,NULL,NULL,NULL
438,RES US,RPC Inc,236,236,NULL,236,236,NULL,32,NULL,10101020,101284,0,1355,NULL,Marty,2011-09-27 09:44:30.727,NULL,NULL,NULL,NULL,NULL,NULL,NULL,NULL,NULL
439,600030 CH,CITIC Securities Co Ltd,17,17,NULL,17,17,NULL,36,NULL,40203020,911706,0,1357,NULL,SecSetup,2011-09-28 09:59:03.637,NULL,NULL,NULL,NULL,NULL,NULL,NULL,NULL,NULL
440,RLD US,RealD Inc,236,236,NULL,236,236,NULL,32,NULL,45103030,18572499,0,1358,NULL,SecSetup,2011-09-28 15:57:27.543,NULL,NULL,NULL,NULL,NULL,NULL,NULL,NULL,NULL
441,AMD US,Advanced Micro Devices Inc,236,236,NULL,236,236,NULL,32,NULL,45301020,100010,0,1359,NULL,Marty,2011-09-28 16:39:36.410,NULL,NULL,NULL,NULL,NULL,NULL,NULL,NULL,NULL
442,999A0HFF5.MSDY,CHINA RESOURCES LAND ,30,30,NULL,30,30,NULL,NULL,NULL,NULL,NULL,1,NULL,NULL,rahul,2011-10-04 07:34:23.317,NULL,NULL,NULL,NULL,NULL,NULL,NULL,NULL,NULL
443,7751 JP,Canon Inc,39,39,NULL,39,39,NULL,19,NULL,45204010,113389,0,1389,NULL,SecSetup,2011-10-04 08:00:14.723,NULL,NULL,NULL,NULL,NULL,NULL,NULL,NULL,NULL
444,MS US,Morgan Stanley,236,236,NULL,236,236,NULL,32,NULL,40203020,116646,0,1391,NULL,SecSetup,2011-10-04 14:52:20.477,NULL,NULL,NULL,NULL,NULL,NULL,NULL,NULL,NULL
445,RRD US,RR Donnelley & Sons Co,236,236,NULL,236,236,NULL,32,NULL,20201010,100469,0,1406,NULL,Marty,2011-10-05 09:34:30.917,NULL,NULL,NULL,NULL,NULL,NULL,NULL,NULL,NULL
446,FOSL US,Fossil Inc,236,236,NULL,236,236,NULL,32,NULL,25203010,103957,0,1419,NULL,Marty,2011-10-06 09:50:02.503,NULL,NULL,NULL,NULL,NULL,NULL,NULL,NULL,NULL
447,VIA/B US,Viacom Inc,236,236,NULL,236,236,NULL,32,NULL,25401030,9840073,0,1462,NULL,SecSetup,2011-10-12 09:12:59.623,NULL,NULL,NULL,NULL,NULL,NULL,NULL,NULL,NULL
448,AGCO US,AGCO Corp,236,236,NULL,236,236,NULL,32,NULL,20106010,101930,0,1480,NULL,jallen,2011-10-13 14:06:12.290,NULL,NULL,NULL,NULL,NULL,NULL,NULL,NULL,NULL
449,DAX,DAX Index,28,28,NULL,28,28,NULL,11,NULL,NULL,NULL,1,1501,NULL,rahul,2011-10-17 11:21:12.833,NULL,NULL,NULL,NULL,NULL,NULL,NULL,NULL,NULL
450,DERTAN,DERTAN,199,199,NULL,199,NULL,NULL,11,NULL,NULL,NULL,1,NULL,NULL,SecurityResolve,2011-10-18 06:00:36.263,NULL,NULL,NULL,NULL,NULL,NULL,NULL,NULL,NULL
451,JWN US,Nordstrom Inc,236,236,NULL,236,236,NULL,32,NULL,25503010,101749,0,1520,NULL,dan,2011-10-20 11:07:21.820,NULL,NULL,NULL,NULL,NULL,NULL,NULL,NULL,NULL
452,KFN US,KKR Financial Holdings LLC,236,236,NULL,236,236,NULL,32,NULL,40201040,9069409,0,1521,NULL,dan,2011-10-20 11:09:32.010,NULL,NULL,NULL,NULL,NULL,NULL,NULL,NULL,NULL
453,3352Z US,United States of America,236,236,NULL,236,236,NULL,32,NULL,NULL,218252,0,1567,NULL,Marty,2011-10-24 09:21:25.997,NULL,NULL,NULL,NULL,NULL,NULL,NULL,NULL,NULL
454,LVS US,Las Vegas Sands Corp,236,236,NULL,236,236,NULL,32,NULL,25301010,9163439,0,1568,NULL,jallen,2011-10-25 15:09:20.893,NULL,NULL,NULL,NULL,NULL,NULL,NULL,NULL,NULL
455,HPQ US,Hewlett-Packard Co,236,236,NULL,236,236,NULL,32,NULL,45202010,100732,0,1595,NULL,jason,2011-11-01 09:39:40.277,NULL,NULL,NULL,NULL,NULL,NULL,NULL,NULL,NULL
456,CNS US,Cohen & Steers Inc,236,236,NULL,236,236,NULL,32,NULL,40203010,8781660,0,1603,NULL,jallen,2011-11-03 15:43:11.167,NULL,NULL,NULL,NULL,NULL,NULL,NULL,NULL,NULL
457,SINA US,Sina Corp/China,236,17,NULL,17,17,NULL,32,NULL,45101010,870104,0,1634,NULL,vince,2011-11-09 08:22:12.650,NULL,NULL,NULL,NULL,NULL,NULL,NULL,NULL,NULL
458,RY CN,Royal Bank of Canada,15,15,NULL,15,15,NULL,5,NULL,40101010,110411,0,1647,NULL,jason,2011-11-14 11:57:11.537,NULL,NULL,NULL,NULL,NULL,NULL,NULL,NULL,NULL
459,VALE5 BZ,Vale SA,11,11,NULL,11,11,NULL,35,NULL,15104050,136117,0,1676,NULL,Marty,2011-11-17 10:12:42.003,NULL,NULL,NULL,NULL,NULL,NULL,NULL,NULL,NULL
460,TCW CN,Trican Well Service Ltd,15,15,NULL,15,15,NULL,5,NULL,10101020,202493,0,1677,NULL,Marty,2011-11-17 14:02:53.587,NULL,NULL,NULL,NULL,NULL,NULL,NULL,NULL,NULL
461,FMG AU,Fortescue Metals Group Ltd,3,3,NULL,3,3,NULL,3,NULL,15104050,153693,0,1690,NULL,rahul,2011-11-21 11:06:22.803,NULL,NULL,NULL,NULL,NULL,NULL,NULL,NULL,NULL
462,PANL US,Universal Display Corp,236,236,NULL,236,236,NULL,32,NULL,45203015,186219,0,1696,NULL,jallen,2011-11-21 15:00:31.590,NULL,NULL,NULL,NULL,NULL,NULL,NULL,NULL,NULL
463,FMG,FMG,236,236,NULL,236,NULL,NULL,32,NULL,NULL,NULL,1,NULL,NULL,SecurityResolve,2011-11-22 06:00:39.417,NULL,NULL,NULL,NULL,NULL,NULL,NULL,NULL,NULL
464,OPY US,Oppenheimer Holdings Inc,236,236,NULL,236,236,NULL,32,NULL,40203020,109147,0,1698,NULL,SecSetup,2011-11-22 06:00:41.640,NULL,NULL,NULL,NULL,NULL,NULL,NULL,NULL,NULL
465,WEIR LN,Weir Group PLC/The,84,84,NULL,84,84,NULL,14,NULL,20106020,112505,0,1760,NULL,rahul,2011-12-12 10:21:59.847,NULL,NULL,NULL,NULL,NULL,NULL,NULL,NULL,NULL
466,MLM US,Martin Marietta Materials Inc,236,236,NULL,236,236,NULL,32,NULL,15102010,136161,0,1762,NULL,SecSetup,2011-12-12 10:30:07.270,NULL,NULL,NULL,NULL,NULL,NULL,NULL,NULL,NULL
467,JIVE US,Jive Software Inc,236,236,NULL,236,236,NULL,32,NULL,45103010,17291292,0,1763,NULL,SecSetup,2011-12-13 08:50:06.060,NULL,NULL,NULL,NULL,NULL,NULL,NULL,NULL,NULL
468,KORS US,Michael Kors Holdings Ltd,236,30,NULL,30,30,NULL,32,NULL,25203010,28535274,0,1774,NULL,SecSetup,2011-12-15 09:25:30.340,NULL,NULL,NULL,NULL,NULL,NULL,NULL,NULL,NULL
469,ZNGA US,Zynga Inc,236,236,NULL,236,236,NULL,32,NULL,45103030,14346693,0,1787,NULL,SecSetup,2011-12-16 09:48:24.900,NULL,NULL,NULL,NULL,NULL,NULL,NULL,NULL,NULL
